"V1","V2","V3","V4","V5","V6","V7","V8"
NA,NA,NA,NA,95.484,89.40675,NA,70.9457363005607
NA,NA,NA,NA,116.508,122.1582,NA,108.090832574027
NA,NA,NA,NA,152.205,155.9937,NA,146.416564203078
NA,NA,NA,NA,198.414,187.05885,NA,195.74556427002
NA,NA,NA,NA,233.016,210.92985,NA,214.569550544985
NA,NA,NA,NA,225.132,204.3051,NA,233.860394287109
NA,NA,NA,NA,206.955,198.9177,NA,224.614217450542
NA,NA,NA,NA,184.836,183.29205,NA,225.364605811334
NA,NA,NA,NA,170.382,164.5566,NA,163.562269846598
NA,NA,NA,NA,120.888,128.87055,NA,113.78277391003
NA,NA,NA,NA,86.067,84.1398,NA,80.8421961466471
NA,NA,NA,NA,82.782,74.99655,NA,66.6746982451408
NA,NA,NA,NA,91.761,89.40675,NA,76.7071957742014
NA,NA,NA,NA,122.859,122.1582,NA,111.671413694109
NA,NA,NA,NA,146.292,155.9937,NA,164.034605703046
NA,NA,NA,NA,179.361,187.05885,NA,186.863082885742
NA,NA,NA,NA,220.752,210.92985,NA,213.789310086158
NA,NA,NA,NA,222.723,204.3051,NA,256.192438252767
NA,NA,NA,NA,187.683,198.9177,NA,254.332521992345
NA,NA,NA,NA,179.361,183.29205,NA,219.478880851499
NA,NA,NA,NA,164.031,164.5566,NA,163.883298746745
NA,NA,NA,NA,137.313,128.87055,NA,124.106492565524
NA,NA,NA,NA,81.03,84.1398,NA,84.3815044403076
NA,NA,NA,NA,83.22,74.99655,NA,59.6633078052152
NA,NA,NA,NA,91.98,89.40675,NA,67.1599943099483
NA,NA,NA,NA,119.136,122.1582,NA,112.644439969744
NA,NA,NA,NA,151.329,155.9937,NA,162.1610343687
NA,NA,NA,NA,198.195,187.05885,NA,198.221687825521
NA,NA,NA,NA,214.839,210.92985,NA,233.632106657951
NA,NA,NA,NA,216.153,204.3051,NA,258.067947387695
NA,NA,NA,NA,187.464,198.9177,NA,252.116231610698
NA,NA,NA,NA,205.422,183.29205,NA,223.762938468687
NA,NA,NA,NA,150.015,164.5566,NA,164.603944396973
NA,NA,NA,NA,134.904,128.87055,NA,126.93237550797
NA,NA,NA,NA,95.484,84.1398,NA,80.656657409668
NA,NA,NA,NA,76.65,74.99655,NA,67.6496519273327
NA,NA,NA,NA,90.228,89.40675,NA,74.7809141835859
NA,NA,NA,NA,128.991,122.1582,NA,100.400989795553
NA,NA,NA,NA,149.358,155.9937,NA,146.466062976468
NA,NA,NA,NA,199.509,187.05885,NA,175.792533874512
NA,NA,NA,NA,240.024,210.92985,NA,204.440070859848
NA,NA,NA,NA,172.572,204.3051,NA,247.628312683105
NA,NA,NA,NA,215.715,198.9177,NA,256.410359536448
NA,NA,NA,NA,193.158,183.29205,NA,242.041569371377
NA,NA,NA,NA,180.237,164.5566,NA,162.103937021891
NA,NA,NA,NA,119.574,128.87055,NA,121.898272606634
NA,NA,NA,NA,97.893,84.1398,NA,78.8881362915039
NA,NA,NA,NA,76.431,74.99655,NA,68.321767007151
NA,NA,NA,NA,93.951,89.40675,NA,80.0039016969742
NA,NA,NA,NA,127.458,122.1582,NA,117.088222503662
NA,NA,NA,NA,141.255,155.9937,NA,177.415983138546
NA,NA,NA,NA,193.596,187.05885,NA,220.79704691569
NA,NA,NA,NA,227.103,210.92985,NA,235.39586762459
NA,NA,NA,NA,213.525,204.3051,NA,256.045900472005
NA,NA,NA,NA,198.852,198.9177,NA,241.536684097782
NA,NA,NA,NA,197.319,183.29205,NA,207.156285931987
NA,NA,NA,NA,165.564,164.5566,NA,168.496882629395
NA,NA,NA,NA,134.904,128.87055,NA,110.34842066611
NA,NA,NA,NA,89.79,84.1398,NA,70.0244117736816
NA,NA,NA,NA,81.687,74.99655,NA,60.3184665556877
NA,NA,NA,NA,91.104,89.40675,NA,79.6982874716482
NA,NA,NA,NA,139.722,122.1582,NA,114.666906084333
NA,NA,NA,NA,159.213,155.9937,NA,151.245542464718
NA,NA,NA,NA,198.633,187.05885,NA,196.499174499512
NA,NA,NA,NA,209.145,210.92985,NA,211.11481008222
NA,NA,NA,NA,218.562,204.3051,NA,253.925583902995
NA,NA,NA,NA,208.05,198.9177,NA,251.157183247228
NA,NA,NA,NA,194.472,183.29205,NA,231.18714018791
NA,NA,NA,NA,162.717,164.5566,NA,158.439287058512
NA,NA,NA,NA,141.693,128.87055,NA,120.081410069619
NA,NA,NA,NA,93.732,84.1398,NA,76.3519031524658
NA,NA,NA,NA,76.869,74.99655,NA,66.4451396080756
NA,NA,NA,NA,86.286,89.40675,NA,69.0873523835213
NA,NA,NA,NA,138.408,122.1582,NA,125.990244729178
NA,NA,NA,NA,141.693,155.9937,NA,160.028021781675
NA,NA,NA,NA,199.947,187.05885,NA,177.275162506104
NA,NA,NA,NA,221.628,210.92985,NA,190.40973220333
NA,NA,NA,NA,203.67,204.3051,NA,234.496812438965
NA,NA,NA,NA,192.282,198.9177,NA,232.52617965206
NA,NA,NA,NA,189.216,183.29205,NA,212.891626665669
NA,NA,NA,NA,178.485,164.5566,NA,154.655317942301
NA,NA,NA,NA,121.983,128.87055,NA,123.938770417244
NA,NA,NA,NA,84.096,84.1398,NA,74.0528881072998
NA,NA,NA,NA,79.278,74.99655,NA,56.4976352568596
NA,NA,NA,NA,94.389,89.40675,NA,74.4217929224814
NA,NA,NA,NA,133.59,122.1582,NA,113.370529174805
NA,NA,NA,NA,147.168,155.9937,NA,146.033611420662
NA,NA,NA,NA,193.815,187.05885,NA,175.615130615234
NA,NA,NA,NA,216.372,210.92985,NA,231.454473680066
NA,NA,NA,NA,231.264,204.3051,NA,241.455235290527
NA,NA,NA,NA,199.509,198.9177,NA,235.327889719317
NA,NA,NA,NA,205.203,183.29205,NA,208.48909488801
NA,NA,NA,NA,140.817,164.5566,NA,171.398273976644
NA,NA,NA,NA,145.854,128.87055,NA,113.820869445801
NA,NA,NA,NA,81.687,84.1398,NA,71.7139081319173
NA,NA,NA,NA,79.059,74.99655,NA,69.6066722254599
NA,NA,NA,NA,91.761,89.40675,NA,69.0873523835213
NA,NA,NA,NA,133.59,122.1582,NA,125.990244729178
NA,NA,NA,NA,149.577,155.9937,NA,160.028021781675
NA,NA,NA,NA,202.137,187.05885,NA,177.275162506104
NA,NA,NA,NA,207.612,210.92985,NA,190.40973220333
NA,NA,NA,NA,241.776,204.3051,NA,234.496812438965
NA,NA,NA,NA,200.823,198.9177,NA,232.52617965206
NA,NA,NA,NA,190.311,183.29205,NA,212.891626665669
NA,NA,NA,NA,184.836,164.5566,NA,154.655317942301
NA,NA,NA,NA,143.007,128.87055,NA,123.938770417244
NA,NA,NA,NA,79.059,84.1398,NA,74.0528881072998
NA,NA,NA,NA,78.402,74.99655,NA,56.4976352568596
NA,NA,NA,NA,88.476,89.40675,NA,79.2073129223239
NA,NA,NA,NA,127.02,122.1582,NA,120.450431551252
NA,NA,NA,NA,145.416,155.9937,NA,178.987800844254
NA,NA,NA,NA,196.662,187.05885,NA,205.374931844076
NA,NA,NA,NA,208.926,210.92985,NA,227.006620837796
NA,NA,NA,NA,222.066,204.3051,NA,232.583122762044
NA,NA,NA,NA,221.847,198.9177,NA,234.814511699061
NA,NA,NA,NA,197.538,183.29205,NA,238.943393584221
NA,NA,NA,NA,169.068,164.5566,NA,169.800331624349
NA,NA,NA,NA,137.094,128.87055,NA,119.82886222101
NA,NA,NA,NA,90.666,84.1398,NA,67.8667120615641
NA,NA,NA,NA,74.46,74.99655,NA,64.0526423300466
NA,NA,NA,NA,93.075,89.40675,NA,70.596129263601
NA,NA,NA,NA,132.495,122.1582,NA,116.679355893816
NA,NA,NA,NA,156.804,155.9937,NA,154.216296288275
NA,NA,NA,NA,200.604,187.05885,NA,180.059409586589
NA,NA,NA,NA,205.86,210.92985,NA,228.444689104634
NA,NA,NA,NA,212.211,204.3051,NA,272.450343322754
NA,NA,NA,NA,219,198.9177,NA,259.092286632907
NA,NA,NA,NA,193.377,183.29205,NA,243.067469443044
NA,NA,NA,NA,173.667,164.5566,NA,187.425913747152
NA,NA,NA,NA,138.846,128.87055,NA,143.120354437059
NA,NA,NA,NA,73.584,84.1398,NA,82.3881270090739
NA,NA,NA,NA,78.402,74.99655,NA,62.8765022523942
NA,NA,NA,NA,85.41,89.40675,NA,77.6733039117628
NA,NA,NA,NA,122.421,122.1582,NA,119.382320798677
NA,NA,NA,NA,168.411,155.9937,NA,155.920517213883
NA,NA,NA,NA,205.203,187.05885,NA,200.138362375895
NA,NA,NA,NA,217.905,210.92985,NA,226.032674481792
NA,NA,NA,NA,204.984,204.3051,NA,249.647557067871
NA,NA,NA,NA,222.504,198.9177,NA,235.912342686807
NA,NA,NA,NA,192.501,183.29205,NA,208.218511273784
NA,NA,NA,NA,174.324,164.5566,NA,183.450984700521
NA,NA,NA,NA,128.772,128.87055,NA,127.341374058877
NA,NA,NA,NA,87.6,84.1398,NA,93.478875986735
NA,NA,NA,NA,66.795,74.99655,NA,63.6381256349625
NA,NA,NA,NA,95.046,89.40675,NA,76.7071957742014
NA,NA,NA,NA,128.334,122.1582,NA,111.671413694109
NA,NA,NA,NA,155.271,155.9937,NA,164.034605703046
NA,NA,NA,NA,198.195,187.05885,NA,186.863082885742
NA,NA,NA,NA,206.736,210.92985,NA,213.789310086158
NA,NA,NA,NA,227.979,204.3051,NA,256.192438252767
NA,NA,NA,NA,210.897,198.9177,NA,254.332521992345
NA,NA,NA,NA,185.493,183.29205,NA,219.478880851499
NA,NA,NA,NA,162.06,164.5566,NA,163.883298746745
NA,NA,NA,NA,141.036,128.87055,NA,124.106492565524
NA,NA,NA,NA,81.249,84.1398,NA,84.3815044403076
NA,NA,NA,NA,71.832,74.99655,NA,59.6633078052152
NA,NA,NA,NA,87.6,89.40675,NA,76.892395142586
NA,NA,NA,NA,122.64,122.1582,NA,113.771364484515
NA,NA,NA,NA,154.833,155.9937,NA,167.473211719144
NA,NA,NA,NA,182.646,187.05885,NA,194.416281890869
NA,NA,NA,NA,224.475,210.92985,NA,236.986594907699
NA,NA,NA,NA,233.892,204.3051,NA,262.062232971191
NA,NA,NA,NA,215.715,198.9177,NA,249.387914349956
NA,NA,NA,NA,199.728,183.29205,NA,219.193384970388
NA,NA,NA,NA,167.097,164.5566,NA,169.822499338786
NA,NA,NA,NA,108.843,128.87055,NA,113.058971774194
NA,NA,NA,NA,97.236,84.1398,NA,85.315881729126
NA,NA,NA,NA,79.059,74.99655,NA,68.248789141255
NA,NA,NA,NA,92.856,89.40675,NA,79.2612000742266
NA,NA,NA,NA,132.276,122.1582,NA,108.611626216343
NA,NA,NA,NA,130.305,155.9937,NA,159.738795618857
NA,NA,NA,NA,196.443,187.05885,NA,212.970120239258
NA,NA,NA,NA,236.958,210.92985,NA,252.283653505387
NA,NA,NA,NA,216.591,204.3051,NA,216.02387491862
NA,NA,NA,NA,193.158,198.9177,NA,235.766658659904
NA,NA,NA,NA,193.377,183.29205,NA,195.599366218813
NA,NA,NA,NA,192.282,164.5566,NA,146.591754659017
NA,NA,NA,NA,130.305,128.87055,NA,116.806940878591
NA,NA,NA,NA,95.265,84.1398,NA,65.2587833404541
NA,NA,NA,NA,76.869,74.99655,NA,61.979670739943
NA,NA,NA,NA,84.972,89.40675,NA,68.3794035142468
NA,NA,NA,NA,117.384,122.1582,NA,116.603587972707
NA,NA,NA,NA,155.052,155.9937,NA,166.350716375536
NA,NA,NA,NA,207.831,187.05885,NA,180.819195048014
NA,NA,NA,NA,214.62,210.92985,NA,218.535564791772
NA,NA,NA,NA,226.227,204.3051,NA,239.562704467773
NA,NA,NA,NA,189.873,198.9177,NA,236.523744152438
NA,NA,NA,NA,181.551,183.29205,NA,222.154789586221
NA,NA,NA,NA,168.63,164.5566,NA,173.152173868815
NA,NA,NA,NA,124.173,128.87055,NA,131.823500602476
NA,NA,NA,NA,93.732,84.1398,NA,80.4187908172607
NA,NA,NA,NA,73.365,74.99655,NA,58.2155175978138
NA,NA,NA,NA,92.418,89.40675,NA,73.4229844616305
NA,NA,NA,NA,121.107,122.1582,NA,105.17750113351
NA,NA,NA,NA,166.659,155.9937,NA,150.655782391948
NA,NA,NA,NA,170.163,187.05885,NA,199.329652404785
NA,NA,NA,NA,224.694,210.92985,NA,225.861080538842
NA,NA,NA,NA,199.509,204.3051,NA,235.446812438965
NA,NA,NA,NA,191.187,198.9177,NA,239.074790216261
NA,NA,NA,NA,197.1,183.29205,NA,209.384032710906
NA,NA,NA,NA,172.791,164.5566,NA,165.983845774333
NA,NA,NA,NA,134.904,128.87055,NA,120.938194028793
NA,NA,NA,NA,80.373,84.1398,NA,71.0021043141683
NA,NA,NA,NA,74.022,74.99655,NA,60.1630653873567
NA,NA,NA,NA,91.98,89.40675,NA,79.3710837825652
NA,NA,NA,NA,127.239,122.1582,NA,116.928235735212
NA,NA,NA,NA,140.598,155.9937,NA,128.634562830771
NA,NA,NA,NA,188.559,187.05885,NA,174.297393798828
NA,NA,NA,NA,206.955,210.92985,NA,187.457807725476
NA,NA,NA,NA,202.356,204.3051,NA,220.332690938314
NA,NA,NA,NA,200.604,198.9177,NA,249.835699758222
NA,NA,NA,NA,194.472,183.29205,NA,222.997136762065
NA,NA,NA,NA,184.617,164.5566,NA,174.765763346354
NA,NA,NA,NA,119.793,128.87055,NA,137.598385472451
NA,NA,NA,NA,100.74,84.1398,NA,79.0957293192546
NA,NA,NA,NA,78.183,74.99655,NA,66.0377621804514
NA,NA,NA,NA,90.447,89.40675,NA,71.8732574216781
NA,NA,NA,NA,139.503,122.1582,NA,117.628708158221
NA,NA,NA,NA,157.461,155.9937,NA,174.334786938083
NA,NA,NA,NA,198.195,187.05885,NA,208.219208526611
NA,NA,NA,NA,216.81,210.92985,NA,236.401077270508
NA,NA,NA,NA,210.459,204.3051,NA,218.776487731934
NA,NA,NA,NA,207.831,198.9177,NA,250.208899221113
NA,NA,NA,NA,203.889,183.29205,NA,206.334219655683
NA,NA,NA,NA,159.213,164.5566,NA,183.211535644531
NA,NA,NA,NA,135.78,128.87055,NA,112.60336045296
NA,NA,NA,NA,81.03,84.1398,NA,75.1974541982015
NA,NA,NA,NA,71.175,74.99655,NA,66.2494701262443
NA,NA,NA,NA,86.943,89.40675,NA,77.6733039117628
NA,NA,NA,NA,118.26,122.1582,NA,119.382320798677
NA,NA,NA,NA,157.242,155.9937,NA,155.920517213883
NA,NA,NA,NA,193.158,187.05885,NA,200.138362375895
NA,NA,NA,NA,212.868,210.92985,NA,226.032674481792
NA,NA,NA,NA,223.161,204.3051,NA,249.647557067871
NA,NA,NA,NA,195.567,198.9177,NA,235.912342686807
NA,NA,NA,NA,195.567,183.29205,NA,208.218511273784
NA,NA,NA,NA,163.593,164.5566,NA,183.450984700521
NA,NA,NA,NA,125.049,128.87055,NA,127.341374058877
NA,NA,NA,NA,83.658,84.1398,NA,93.478875986735
NA,NA,NA,NA,84.753,74.99655,NA,63.6381256349625
NA,NA,NA,NA,97.017,89.40675,NA,70.9457363005607
NA,NA,NA,NA,124.83,122.1582,NA,108.090832574027
NA,NA,NA,NA,170.382,155.9937,NA,146.416564203078
NA,NA,NA,NA,175.857,187.05885,NA,195.74556427002
NA,NA,NA,NA,219.876,210.92985,NA,214.569550544985
NA,NA,NA,NA,199.071,204.3051,NA,233.860394287109
NA,NA,NA,NA,209.145,198.9177,NA,224.614217450542
NA,NA,NA,NA,177.609,183.29205,NA,225.364605811334
NA,NA,NA,NA,165.345,164.5566,NA,163.562269846598
NA,NA,NA,NA,124.83,128.87055,NA,113.78277391003
NA,NA,NA,NA,76.212,84.1398,NA,80.8421961466471
NA,NA,NA,NA,77.307,74.99655,NA,66.6746982451408
NA,NA,NA,NA,95.922,89.40675,NA,72.1365771139822
NA,NA,NA,NA,117.384,122.1582,NA,109.141464778355
NA,NA,NA,NA,163.155,155.9937,NA,140.560238745905
NA,NA,NA,NA,194.91,187.05885,NA,180.456252034505
NA,NA,NA,NA,219.438,210.92985,NA,225.98775851342
NA,NA,NA,NA,221.19,204.3051,NA,231.503244527181
NA,NA,NA,NA,176.733,198.9177,NA,244.843478295111
NA,NA,NA,NA,203.232,183.29205,NA,211.86083984375
NA,NA,NA,NA,170.601,164.5566,NA,177.446842447917
NA,NA,NA,NA,138.846,128.87055,NA,123.142527918662
NA,NA,NA,NA,71.613,84.1398,NA,82.5021302541097
NA,NA,NA,NA,81.906,74.99655,NA,70.1501034152123
NA,NA,NA,NA,96.36,89.40675,NA,71.8732574216781
NA,NA,NA,NA,110.595,122.1582,NA,117.628708158221
NA,NA,NA,NA,165.126,155.9937,NA,174.334786938083
NA,NA,NA,NA,199.509,187.05885,NA,208.219208526611
NA,NA,NA,NA,231.264,210.92985,NA,236.401077270508
NA,NA,NA,NA,174.981,204.3051,NA,218.776487731934
NA,NA,NA,NA,207.612,198.9177,NA,250.208899221113
NA,NA,NA,NA,174.105,183.29205,NA,206.334219655683
NA,NA,NA,NA,174.981,164.5566,NA,183.211535644531
NA,NA,NA,NA,133.152,128.87055,NA,112.60336045296
NA,NA,NA,NA,78.84,84.1398,NA,75.1974541982015
NA,NA,NA,NA,81.906,74.99655,NA,66.2494701262443
NA,NA,NA,NA,91.104,89.40675,NA,68.3794035142468
NA,NA,NA,NA,135.999,122.1582,NA,116.603587972707
NA,NA,NA,NA,161.841,155.9937,NA,166.350716375536
NA,NA,NA,NA,203.67,187.05885,NA,180.819195048014
NA,NA,NA,NA,220.752,210.92985,NA,218.535564791772
NA,NA,NA,NA,217.029,204.3051,NA,239.562704467773
NA,NA,NA,NA,217.248,198.9177,NA,236.523744152438
NA,NA,NA,NA,211.773,183.29205,NA,222.154789586221
NA,NA,NA,NA,149.358,164.5566,NA,173.152173868815
NA,NA,NA,NA,138.846,128.87055,NA,131.823500602476
NA,NA,NA,NA,87.819,84.1398,NA,80.4187908172607
NA,NA,NA,NA,68.109,74.99655,NA,58.2155175978138
NA,NA,NA,NA,92.418,89.40675,NA,67.1599943099483
NA,NA,NA,NA,125.925,122.1582,NA,112.644439969744
NA,NA,NA,NA,140.598,155.9937,NA,162.1610343687
NA,NA,NA,NA,205.203,187.05885,NA,198.221687825521
NA,NA,NA,NA,199.29,210.92985,NA,233.632106657951
NA,NA,NA,NA,233.892,204.3051,NA,258.067947387695
NA,NA,NA,NA,215.934,198.9177,NA,252.116231610698
NA,NA,NA,NA,185.493,183.29205,NA,223.762938468687
NA,NA,NA,NA,174.324,164.5566,NA,164.603944396973
NA,NA,NA,NA,142.131,128.87055,NA,126.93237550797
NA,NA,NA,NA,84.753,84.1398,NA,80.656657409668
NA,NA,NA,NA,78.621,74.99655,NA,67.6496519273327
NA,NA,NA,NA,96.579,89.40675,NA,72.2818475538684
NA,NA,NA,NA,108.186,122.1582,NA,103.706834248134
NA,NA,NA,NA,169.287,155.9937,NA,159.704645956716
NA,NA,NA,NA,201.918,187.05885,NA,198.977040863037
NA,NA,NA,NA,221.628,210.92985,NA,227.262214414535
NA,NA,NA,NA,218.343,204.3051,NA,237.347991943359
NA,NA,NA,NA,201.042,198.9177,NA,217.864664877615
NA,NA,NA,NA,203.67,183.29205,NA,189.205443843719
NA,NA,NA,NA,161.403,164.5566,NA,147.784417215983
NA,NA,NA,NA,131.838,128.87055,NA,116.112052179152
NA,NA,NA,NA,94.17,84.1398,NA,72.497975285848
NA,NA,NA,NA,66.795,74.99655,NA,63.3866774036038
NA,NA,NA,NA,93.732,89.40675,NA,79.2073129223239
NA,NA,NA,NA,126.363,122.1582,NA,120.450431551252
NA,NA,NA,NA,158.337,155.9937,NA,178.987800844254
NA,NA,NA,NA,199.728,187.05885,NA,205.374931844076
NA,NA,NA,NA,229.731,210.92985,NA,227.006620837796
NA,NA,NA,NA,211.773,204.3051,NA,232.583122762044
NA,NA,NA,NA,219.657,198.9177,NA,234.814511699061
NA,NA,NA,NA,175.419,183.29205,NA,238.943393584221
NA,NA,NA,NA,177.171,164.5566,NA,169.800331624349
NA,NA,NA,NA,136.656,128.87055,NA,119.82886222101
NA,NA,NA,NA,88.476,84.1398,NA,67.8667120615641
NA,NA,NA,NA,83.001,74.99655,NA,64.0526423300466
NA,NA,NA,NA,92.199,89.40675,NA,74.5516749966529
NA,NA,NA,NA,115.194,122.1582,NA,107.617126727926
NA,NA,NA,NA,170.82,155.9937,NA,148.961145216419
NA,NA,NA,NA,204.765,187.05885,NA,196.073327636719
NA,NA,NA,NA,201.261,210.92985,NA,231.187659478957
NA,NA,NA,NA,233.016,204.3051,NA,206.991340637207
NA,NA,NA,NA,183.96,198.9177,NA,219.956201860982
NA,NA,NA,NA,199.728,183.29205,NA,211.921931851295
NA,NA,NA,NA,184.179,164.5566,NA,165.296231587728
NA,NA,NA,NA,131.619,128.87055,NA,115.754612584268
NA,NA,NA,NA,82.125,84.1398,NA,68.6578818003337
NA,NA,NA,NA,78.183,74.99655,NA,50.6580576127575
NA,NA,NA,NA,92.856,89.40675,NA,70.3181921435941
NA,NA,NA,NA,124.173,122.1582,NA,115.631399563381
NA,NA,NA,NA,155.928,155.9937,NA,159.624232630576
NA,NA,NA,NA,206.517,187.05885,NA,200.770041910807
NA,NA,NA,NA,216.81,210.92985,NA,222.604075770224
NA,NA,NA,NA,191.187,204.3051,NA,250.819962565104
NA,NA,NA,NA,201.042,198.9177,NA,256.380635415354
NA,NA,NA,NA,183.084,183.29205,NA,209.56339780746
NA,NA,NA,NA,161.622,164.5566,NA,177.668936665853
NA,NA,NA,NA,140.379,128.87055,NA,131.63804552632
NA,NA,NA,NA,83.439,84.1398,NA,81.3962793986003
NA,NA,NA,NA,76.869,74.99655,NA,63.5515724920457
NA,NA,NA,NA,88.914,89.40675,NA,74.315494783463
NA,NA,NA,NA,124.173,122.1582,NA,106.808494976589
NA,NA,NA,NA,152.862,155.9937,NA,157.918106571321
NA,NA,NA,NA,190.968,187.05885,NA,182.501103210449
NA,NA,NA,NA,234.111,210.92985,NA,208.356136937295
NA,NA,NA,NA,215.058,204.3051,NA,228.517389424642
NA,NA,NA,NA,218.781,198.9177,NA,249.443940193422
NA,NA,NA,NA,194.91,183.29205,NA,213.04729929278
NA,NA,NA,NA,172.572,164.5566,NA,172.647710927327
NA,NA,NA,NA,129.648,128.87055,NA,116.705229236234
NA,NA,NA,NA,81.906,84.1398,NA,80.7419587453206
NA,NA,NA,NA,71.394,74.99655,NA,59.1143088802215
NA,NA,NA,NA,88.914,89.40675,NA,77.3653357721144
NA,NA,NA,NA,128.115,122.1582,NA,111.699789592198
NA,NA,NA,NA,147.387,155.9937,NA,160.924852432743
NA,NA,NA,NA,215.715,187.05885,NA,210.168794759115
NA,NA,NA,NA,218.562,210.92985,NA,223.022045012443
NA,NA,NA,NA,215.715,204.3051,NA,214.243143717448
NA,NA,NA,NA,199.728,198.9177,NA,265.829766058153
NA,NA,NA,NA,200.166,183.29205,NA,202.819826679845
NA,NA,NA,NA,171.477,164.5566,NA,163.642720540365
NA,NA,NA,NA,137.094,128.87055,NA,129.508558211788
NA,NA,NA,NA,84.753,84.1398,NA,78.5826822916667
NA,NA,NA,NA,75.555,74.99655,NA,56.7493751279769
NA,NA,NA,NA,98.331,89.40675,NA,74.7809141835859
NA,NA,NA,NA,122.202,122.1582,NA,100.400989795553
NA,NA,NA,NA,142.35,155.9937,NA,146.466062976468
NA,NA,NA,NA,202.356,187.05885,NA,175.792533874512
NA,NA,NA,NA,215.496,210.92985,NA,204.440070859848
NA,NA,NA,NA,212.211,204.3051,NA,247.628312683105
NA,NA,NA,NA,195.129,198.9177,NA,256.410359536448
NA,NA,NA,NA,184.398,183.29205,NA,242.041569371377
NA,NA,NA,NA,170.82,164.5566,NA,162.103937021891
NA,NA,NA,NA,137.094,128.87055,NA,121.898272606634
NA,NA,NA,NA,84.534,84.1398,NA,78.8881362915039
NA,NA,NA,NA,75.774,74.99655,NA,68.321767007151
NA,NA,NA,NA,82.782,89.40675,NA,65.843575877528
NA,NA,NA,NA,129.21,122.1582,NA,99.8558940887451
NA,NA,NA,NA,155.928,155.9937,NA,155.181120349515
NA,NA,NA,NA,197.757,187.05885,NA,193.480797576904
NA,NA,NA,NA,234.111,210.92985,NA,229.279152654832
NA,NA,NA,NA,218.562,204.3051,NA,240.632674153646
NA,NA,NA,NA,215.715,198.9177,NA,247.982390372984
NA,NA,NA,NA,203.67,183.29205,NA,211.517154816658
NA,NA,NA,NA,171.039,164.5566,NA,146.925997416178
NA,NA,NA,NA,116.07,128.87055,NA,120.15615623228
NA,NA,NA,NA,100.083,84.1398,NA,81.6458643595378
NA,NA,NA,NA,76.65,74.99655,NA,72.0063583620133
NA,NA,NA,NA,85.629,89.40675,NA,77.3653357721144
NA,NA,NA,NA,122.202,122.1582,NA,111.699789592198
NA,NA,NA,NA,136.218,155.9937,NA,160.924852432743
NA,NA,NA,NA,190.53,187.05885,NA,210.168794759115
NA,NA,NA,NA,224.694,210.92985,NA,223.022045012443
NA,NA,NA,NA,220.971,204.3051,NA,214.243143717448
NA,NA,NA,NA,212.43,198.9177,NA,265.829766058153
NA,NA,NA,NA,184.398,183.29205,NA,202.819826679845
NA,NA,NA,NA,163.374,164.5566,NA,163.642720540365
NA,NA,NA,NA,138.846,128.87055,NA,129.508558211788
NA,NA,NA,NA,91.323,84.1398,NA,78.5826822916667
NA,NA,NA,NA,75.774,74.99655,NA,56.7493751279769
NA,NA,NA,NA,91.761,89.40675,NA,77.3653357721144
NA,NA,NA,NA,144.321,122.1582,NA,111.699789592198
NA,NA,NA,NA,151.986,155.9937,NA,160.924852432743
NA,NA,NA,NA,196.224,187.05885,NA,210.168794759115
NA,NA,NA,NA,225.351,210.92985,NA,223.022045012443
NA,NA,NA,NA,203.451,204.3051,NA,214.243143717448
NA,NA,NA,NA,213.306,198.9177,NA,265.829766058153
NA,NA,NA,NA,196.443,183.29205,NA,202.819826679845
NA,NA,NA,NA,137.313,164.5566,NA,163.642720540365
NA,NA,NA,NA,130.524,128.87055,NA,129.508558211788
NA,NA,NA,NA,85.629,84.1398,NA,78.5826822916667
NA,NA,NA,NA,74.241,74.99655,NA,56.7493751279769
NA,NA,NA,NA,96.579,89.40675,NA,72.0865026904691
NA,NA,NA,NA,128.772,122.1582,NA,107.864919202081
NA,NA,NA,NA,148.263,155.9937,NA,144.188209041472
NA,NA,NA,NA,183.084,187.05885,NA,190.749325052897
NA,NA,NA,NA,236.958,210.92985,NA,211.328358804026
NA,NA,NA,NA,204.546,204.3051,NA,244.381270345052
NA,NA,NA,NA,205.641,198.9177,NA,266.050132013136
NA,NA,NA,NA,199.728,183.29205,NA,219.902040543095
NA,NA,NA,NA,165.564,164.5566,NA,176.97603302002
NA,NA,NA,NA,146.73,128.87055,NA,127.628909695533
NA,NA,NA,NA,70.956,84.1398,NA,76.6086547851563
NA,NA,NA,NA,81.249,74.99655,NA,57.3210974662535
NA,NA,NA,NA,93.513,89.40675,NA,70.5064517605689
NA,NA,NA,NA,128.115,122.1582,NA,118.980834143502
NA,NA,NA,NA,142.35,155.9937,NA,172.927548562327
NA,NA,NA,NA,188.559,187.05885,NA,210.276570129395
NA,NA,NA,NA,232.359,210.92985,NA,252.704088272587
NA,NA,NA,NA,204.984,204.3051,NA,267.346537272135
NA,NA,NA,NA,219.219,198.9177,NA,257.534537530714
NA,NA,NA,NA,186.369,183.29205,NA,212.210790326518
NA,NA,NA,NA,164.688,164.5566,NA,185.334056091309
NA,NA,NA,NA,130.743,128.87055,NA,144.717411164315
NA,NA,NA,NA,86.943,84.1398,NA,67.9937241872152
NA,NA,NA,NA,73.365,74.99655,NA,73.6837993744881
NA,NA,NA,NA,88.038,89.40675,NA,65.843575877528
NA,NA,NA,NA,112.128,122.1582,NA,99.8558940887451
NA,NA,NA,NA,163.593,155.9937,NA,155.181120349515
NA,NA,NA,NA,198.852,187.05885,NA,193.480797576904
NA,NA,NA,NA,229.95,210.92985,NA,229.279152654832
NA,NA,NA,NA,194.91,204.3051,NA,240.632674153646
NA,NA,NA,NA,216.372,198.9177,NA,247.982390372984
NA,NA,NA,NA,176.733,183.29205,NA,211.517154816658
NA,NA,NA,NA,181.113,164.5566,NA,146.925997416178
NA,NA,NA,NA,121.764,128.87055,NA,120.15615623228
NA,NA,NA,NA,91.542,84.1398,NA,81.6458643595378
NA,NA,NA,NA,68.547,74.99655,NA,72.0063583620133
NA,NA,NA,NA,98.988,89.40675,NA,76.7071957742014
NA,NA,NA,NA,107.967,122.1582,NA,111.671413694109
NA,NA,NA,NA,162.06,155.9937,NA,164.034605703046
NA,NA,NA,NA,199.509,187.05885,NA,186.863082885742
NA,NA,NA,NA,216.81,210.92985,NA,213.789310086158
NA,NA,NA,NA,212.649,204.3051,NA,256.192438252767
NA,NA,NA,NA,177.609,198.9177,NA,254.332521992345
NA,NA,NA,NA,192.501,183.29205,NA,219.478880851499
NA,NA,NA,NA,170.601,164.5566,NA,163.883298746745
NA,NA,NA,NA,138.627,128.87055,NA,124.106492565524
NA,NA,NA,NA,88.476,84.1398,NA,84.3815044403076
NA,NA,NA,NA,67.671,74.99655,NA,59.6633078052152
NA,NA,NA,NA,91.104,89.40675,NA,72.0865026904691
NA,NA,NA,NA,127.458,122.1582,NA,107.864919202081
NA,NA,NA,NA,145.197,155.9937,NA,144.188209041472
NA,NA,NA,NA,183.741,187.05885,NA,190.749325052897
NA,NA,NA,NA,236.301,210.92985,NA,211.328358804026
NA,NA,NA,NA,210.459,204.3051,NA,244.381270345052
NA,NA,NA,NA,217.467,198.9177,NA,266.050132013136
NA,NA,NA,NA,179.799,183.29205,NA,219.902040543095
NA,NA,NA,NA,181.989,164.5566,NA,176.97603302002
NA,NA,NA,NA,124.392,128.87055,NA,127.628909695533
NA,NA,NA,NA,92.856,84.1398,NA,76.6086547851563
NA,NA,NA,NA,74.022,74.99655,NA,57.3210974662535
NA,NA,NA,NA,89.79,89.40675,NA,72.1365771139822
NA,NA,NA,NA,119.136,122.1582,NA,109.141464778355
NA,NA,NA,NA,153.738,155.9937,NA,140.560238745905
NA,NA,NA,NA,197.319,187.05885,NA,180.456252034505
NA,NA,NA,NA,212.649,210.92985,NA,225.98775851342
NA,NA,NA,NA,211.116,204.3051,NA,231.503244527181
NA,NA,NA,NA,201.918,198.9177,NA,244.843478295111
NA,NA,NA,NA,193.377,183.29205,NA,211.86083984375
NA,NA,NA,NA,166.878,164.5566,NA,177.446842447917
NA,NA,NA,NA,135.78,128.87055,NA,123.142527918662
NA,NA,NA,NA,77.526,84.1398,NA,82.5021302541097
NA,NA,NA,NA,78.621,74.99655,NA,70.1501034152123
NA,NA,NA,NA,89.571,89.40675,NA,67.1599943099483
NA,NA,NA,NA,121.764,122.1582,NA,112.644439969744
NA,NA,NA,NA,153.081,155.9937,NA,162.1610343687
NA,NA,NA,NA,224.256,187.05885,NA,198.221687825521
NA,NA,NA,NA,230.826,210.92985,NA,233.632106657951
NA,NA,NA,NA,207.612,204.3051,NA,258.067947387695
NA,NA,NA,NA,192.063,198.9177,NA,252.116231610698
NA,NA,NA,NA,200.604,183.29205,NA,223.762938468687
NA,NA,NA,NA,188.778,164.5566,NA,164.603944396973
NA,NA,NA,NA,120.231,128.87055,NA,126.93237550797
NA,NA,NA,NA,98.769,84.1398,NA,80.656657409668
NA,NA,NA,NA,68.766,74.99655,NA,67.6496519273327
NA,NA,NA,NA,87.819,89.40675,NA,76.7071957742014
NA,NA,NA,NA,111.471,122.1582,NA,111.671413694109
NA,NA,NA,NA,148.482,155.9937,NA,164.034605703046
NA,NA,NA,NA,213.087,187.05885,NA,186.863082885742
NA,NA,NA,NA,198.414,210.92985,NA,213.789310086158
NA,NA,NA,NA,203.451,204.3051,NA,256.192438252767
NA,NA,NA,NA,199.947,198.9177,NA,254.332521992345
NA,NA,NA,NA,192.501,183.29205,NA,219.478880851499
NA,NA,NA,NA,171.258,164.5566,NA,163.883298746745
NA,NA,NA,NA,129.867,128.87055,NA,124.106492565524
NA,NA,NA,NA,88.914,84.1398,NA,84.3815044403076
NA,NA,NA,NA,74.679,74.99655,NA,59.6633078052152
NA,NA,NA,NA,91.542,89.40675,NA,68.3794035142468
NA,NA,NA,NA,127.677,122.1582,NA,116.603587972707
NA,NA,NA,NA,153.081,155.9937,NA,166.350716375536
NA,NA,NA,NA,193.377,187.05885,NA,180.819195048014
NA,NA,NA,NA,214.62,210.92985,NA,218.535564791772
NA,NA,NA,NA,220.314,204.3051,NA,239.562704467773
NA,NA,NA,NA,202.794,198.9177,NA,236.523744152438
NA,NA,NA,NA,190.53,183.29205,NA,222.154789586221
NA,NA,NA,NA,175.638,164.5566,NA,173.152173868815
NA,NA,NA,NA,111.909,128.87055,NA,131.823500602476
NA,NA,NA,NA,88.038,84.1398,NA,80.4187908172607
NA,NA,NA,NA,85.41,74.99655,NA,58.2155175978138
NA,NA,NA,NA,88.038,89.40675,NA,69.0873523835213
NA,NA,NA,NA,133.59,122.1582,NA,125.990244729178
NA,NA,NA,NA,152.424,155.9937,NA,160.028021781675
NA,NA,NA,NA,199.071,187.05885,NA,177.275162506104
NA,NA,NA,NA,231.702,210.92985,NA,190.40973220333
NA,NA,NA,NA,196.005,204.3051,NA,234.496812438965
NA,NA,NA,NA,213.087,198.9177,NA,232.52617965206
NA,NA,NA,NA,195.348,183.29205,NA,212.891626665669
NA,NA,NA,NA,154.833,164.5566,NA,154.655317942301
NA,NA,NA,NA,140.817,128.87055,NA,123.938770417244
NA,NA,NA,NA,79.716,84.1398,NA,74.0528881072998
NA,NA,NA,NA,86.724,74.99655,NA,56.4976352568596
NA,NA,NA,NA,96.36,89.40675,NA,73.4229844616305
NA,NA,NA,NA,122.64,122.1582,NA,105.17750113351
NA,NA,NA,NA,172.353,155.9937,NA,150.655782391948
NA,NA,NA,NA,184.836,187.05885,NA,199.329652404785
NA,NA,NA,NA,198.195,210.92985,NA,225.861080538842
NA,NA,NA,NA,208.707,204.3051,NA,235.446812438965
NA,NA,NA,NA,187.245,198.9177,NA,239.074790216261
NA,NA,NA,NA,200.385,183.29205,NA,209.384032710906
NA,NA,NA,NA,153.519,164.5566,NA,165.983845774333
NA,NA,NA,NA,128.772,128.87055,NA,120.938194028793
NA,NA,NA,NA,79.278,84.1398,NA,71.0021043141683
NA,NA,NA,NA,82.125,74.99655,NA,60.1630653873567
NA,NA,NA,NA,93.513,89.40675,NA,76.7071957742014
NA,NA,NA,NA,127.896,122.1582,NA,111.671413694109
NA,NA,NA,NA,175.2,155.9937,NA,164.034605703046
NA,NA,NA,NA,180.675,187.05885,NA,186.863082885742
NA,NA,NA,NA,220.314,210.92985,NA,213.789310086158
NA,NA,NA,NA,220.752,204.3051,NA,256.192438252767
NA,NA,NA,NA,210.24,198.9177,NA,254.332521992345
NA,NA,NA,NA,174.981,183.29205,NA,219.478880851499
NA,NA,NA,NA,181.77,164.5566,NA,163.883298746745
NA,NA,NA,NA,137.97,128.87055,NA,124.106492565524
NA,NA,NA,NA,80.154,84.1398,NA,84.3815044403076
NA,NA,NA,NA,80.154,74.99655,NA,59.6633078052152
NA,NA,NA,NA,89.79,89.40675,NA,76.475273255379
NA,NA,NA,NA,123.735,122.1582,NA,120.631103778708
NA,NA,NA,NA,153.957,155.9937,NA,171.213466767342
NA,NA,NA,NA,200.385,187.05885,NA,189.929355112712
NA,NA,NA,NA,214.182,210.92985,NA,189.597878732989
NA,NA,NA,NA,226.665,204.3051,NA,230.543291219076
NA,NA,NA,NA,179.799,198.9177,NA,248.748141873267
NA,NA,NA,NA,196.662,183.29205,NA,219.506516979587
NA,NA,NA,NA,168.849,164.5566,NA,192.539091491699
NA,NA,NA,NA,142.788,128.87055,NA,129.229152802498
NA,NA,NA,NA,72.27,84.1398,NA,75.8626717885335
NA,NA,NA,NA,85.191,74.99655,NA,62.1338621570218
NA,NA,NA,NA,96.36,89.40675,NA,67.1599943099483
NA,NA,NA,NA,136.437,122.1582,NA,112.644439969744
NA,NA,NA,NA,162.06,155.9937,NA,162.1610343687
NA,NA,NA,NA,189.435,187.05885,NA,198.221687825521
NA,NA,NA,NA,197.1,210.92985,NA,233.632106657951
NA,NA,NA,NA,219.876,204.3051,NA,258.067947387695
NA,NA,NA,NA,202.575,198.9177,NA,252.116231610698
NA,NA,NA,NA,186.15,183.29205,NA,223.762938468687
NA,NA,NA,NA,188.997,164.5566,NA,164.603944396973
NA,NA,NA,NA,128.991,128.87055,NA,126.93237550797
NA,NA,NA,NA,84.315,84.1398,NA,80.656657409668
NA,NA,NA,NA,75.117,74.99655,NA,67.6496519273327
NA,NA,NA,NA,84.753,89.40675,NA,76.7071957742014
NA,NA,NA,NA,128.772,122.1582,NA,111.671413694109
NA,NA,NA,NA,159.213,155.9937,NA,164.034605703046
NA,NA,NA,NA,207.174,187.05885,NA,186.863082885742
NA,NA,NA,NA,223.818,210.92985,NA,213.789310086158
NA,NA,NA,NA,217.905,204.3051,NA,256.192438252767
NA,NA,NA,NA,210.24,198.9177,NA,254.332521992345
NA,NA,NA,NA,198.195,183.29205,NA,219.478880851499
NA,NA,NA,NA,162.936,164.5566,NA,163.883298746745
NA,NA,NA,NA,135.123,128.87055,NA,124.106492565524
NA,NA,NA,NA,87.162,84.1398,NA,84.3815044403076
NA,NA,NA,NA,80.811,74.99655,NA,59.6633078052152
NA,NA,NA,NA,84.753,89.40675,NA,72.1365771139822
NA,NA,NA,NA,123.954,122.1582,NA,109.141464778355
NA,NA,NA,NA,173.667,155.9937,NA,140.560238745905
NA,NA,NA,NA,191.844,187.05885,NA,180.456252034505
NA,NA,NA,NA,215.058,210.92985,NA,225.98775851342
NA,NA,NA,NA,224.913,204.3051,NA,231.503244527181
NA,NA,NA,NA,208.269,198.9177,NA,244.843478295111
NA,NA,NA,NA,194.253,183.29205,NA,211.86083984375
NA,NA,NA,NA,166.002,164.5566,NA,177.446842447917
NA,NA,NA,NA,138.846,128.87055,NA,123.142527918662
NA,NA,NA,NA,87.6,84.1398,NA,82.5021302541097
NA,NA,NA,NA,73.146,74.99655,NA,70.1501034152123
NA,NA,NA,NA,88.914,89.40675,NA,72.0865026904691
NA,NA,NA,NA,118.479,122.1582,NA,107.864919202081
NA,NA,NA,NA,140.16,155.9937,NA,144.188209041472
NA,NA,NA,NA,211.773,187.05885,NA,190.749325052897
NA,NA,NA,NA,237.396,210.92985,NA,211.328358804026
NA,NA,NA,NA,209.145,204.3051,NA,244.381270345052
NA,NA,NA,NA,206.079,198.9177,NA,266.050132013136
NA,NA,NA,NA,188.34,183.29205,NA,219.902040543095
NA,NA,NA,NA,166.878,164.5566,NA,176.97603302002
NA,NA,NA,NA,123.954,128.87055,NA,127.628909695533
NA,NA,NA,NA,88.914,84.1398,NA,76.6086547851563
NA,NA,NA,NA,81.249,74.99655,NA,57.3210974662535
NA,NA,NA,NA,81.687,89.40675,NA,70.596129263601
NA,NA,NA,NA,120.888,122.1582,NA,116.679355893816
NA,NA,NA,NA,146.511,155.9937,NA,154.216296288275
NA,NA,NA,NA,197.319,187.05885,NA,180.059409586589
NA,NA,NA,NA,220.752,210.92985,NA,228.444689104634
NA,NA,NA,NA,209.364,204.3051,NA,272.450343322754
NA,NA,NA,NA,213.963,198.9177,NA,259.092286632907
NA,NA,NA,NA,199.947,183.29205,NA,243.067469443044
NA,NA,NA,NA,171.477,164.5566,NA,187.425913747152
NA,NA,NA,NA,134.904,128.87055,NA,143.120354437059
NA,NA,NA,NA,81.249,84.1398,NA,82.3881270090739
NA,NA,NA,NA,73.146,74.99655,NA,62.8765022523942
NA,NA,NA,NA,84.972,89.40675,NA,78.3958572879914
NA,NA,NA,NA,114.099,122.1582,NA,109.768258231027
NA,NA,NA,NA,143.664,155.9937,NA,160.267766398768
NA,NA,NA,NA,168.849,187.05885,NA,201.146684010824
NA,NA,NA,NA,213.306,210.92985,NA,207.887174052577
NA,NA,NA,NA,231.264,204.3051,NA,214.481290181478
NA,NA,NA,NA,211.554,198.9177,NA,238.123245239258
NA,NA,NA,NA,213.087,183.29205,NA,213.000176706622
NA,NA,NA,NA,174.324,164.5566,NA,155.212559509277
NA,NA,NA,NA,133.371,128.87055,NA,121.373192325715
NA,NA,NA,NA,90.885,84.1398,NA,71.2412270863851
NA,NA,NA,NA,74.241,74.99655,NA,61.1081053210843
NA,NA,NA,NA,84.972,89.40675,NA,75.9548182333669
NA,NA,NA,NA,119.136,122.1582,NA,110.194021224976
NA,NA,NA,NA,158.775,155.9937,NA,148.834562486218
NA,NA,NA,NA,204.765,187.05885,NA,184.211551411947
NA,NA,NA,NA,203.889,210.92985,NA,223.507907006048
NA,NA,NA,NA,213.087,204.3051,NA,255.77883199056
NA,NA,NA,NA,212.649,198.9177,NA,267.152662215694
NA,NA,NA,NA,202.794,183.29205,NA,223.515059932586
NA,NA,NA,NA,151.767,164.5566,NA,183.672900899251
NA,NA,NA,NA,133.371,128.87055,NA,118.644450279974
NA,NA,NA,NA,83.658,84.1398,NA,76.8347760518392
NA,NA,NA,NA,74.679,74.99655,NA,65.9733163156817
NA,NA,NA,NA,82.563,89.40675,NA,68.3794035142468
NA,NA,NA,NA,127.677,122.1582,NA,116.603587972707
NA,NA,NA,NA,149.577,155.9937,NA,166.350716375536
NA,NA,NA,NA,191.187,187.05885,NA,180.819195048014
NA,NA,NA,NA,236.739,210.92985,NA,218.535564791772
NA,NA,NA,NA,210.678,204.3051,NA,239.562704467773
NA,NA,NA,NA,219,198.9177,NA,236.523744152438
NA,NA,NA,NA,182.208,183.29205,NA,222.154789586221
NA,NA,NA,NA,180.018,164.5566,NA,173.152173868815
NA,NA,NA,NA,123.954,128.87055,NA,131.823500602476
NA,NA,NA,NA,76.431,84.1398,NA,80.4187908172607
NA,NA,NA,NA,80.811,74.99655,NA,58.2155175978138
NA,NA,NA,NA,82.344,89.40675,NA,79.2073129223239
NA,NA,NA,NA,127.239,122.1582,NA,120.450431551252
NA,NA,NA,NA,157.461,155.9937,NA,178.987800844254
NA,NA,NA,NA,199.29,187.05885,NA,205.374931844076
NA,NA,NA,NA,240.681,210.92985,NA,227.006620837796
NA,NA,NA,NA,227.103,204.3051,NA,232.583122762044
NA,NA,NA,NA,208.926,198.9177,NA,234.814511699061
NA,NA,NA,NA,210.897,183.29205,NA,238.943393584221
NA,NA,NA,NA,164.031,164.5566,NA,169.800331624349
NA,NA,NA,NA,148.482,128.87055,NA,119.82886222101
NA,NA,NA,NA,92.856,84.1398,NA,67.8667120615641
NA,NA,NA,NA,68.547,74.99655,NA,64.0526423300466
NA,NA,NA,NA,98.55,89.40675,NA,70.9457363005607
NA,NA,NA,NA,118.698,122.1582,NA,108.090832574027
NA,NA,NA,NA,159.432,155.9937,NA,146.416564203078
NA,NA,NA,NA,208.707,187.05885,NA,195.74556427002
NA,NA,NA,NA,235.425,210.92985,NA,214.569550544985
NA,NA,NA,NA,215.715,204.3051,NA,233.860394287109
NA,NA,NA,NA,218.343,198.9177,NA,224.614217450542
NA,NA,NA,NA,219.657,183.29205,NA,225.364605811334
NA,NA,NA,NA,183.303,164.5566,NA,163.562269846598
NA,NA,NA,NA,135.561,128.87055,NA,113.78277391003
NA,NA,NA,NA,86.067,84.1398,NA,80.8421961466471
NA,NA,NA,NA,73.146,74.99655,NA,66.6746982451408
NA,NA,NA,NA,82.344,89.40675,NA,71.8732574216781
NA,NA,NA,NA,136.437,122.1582,NA,117.628708158221
NA,NA,NA,NA,131.838,155.9937,NA,174.334786938083
NA,NA,NA,NA,206.079,187.05885,NA,208.219208526611
NA,NA,NA,NA,210.678,210.92985,NA,236.401077270508
NA,NA,NA,NA,223.818,204.3051,NA,218.776487731934
NA,NA,NA,NA,188.559,198.9177,NA,250.208899221113
NA,NA,NA,NA,197.757,183.29205,NA,206.334219655683
NA,NA,NA,NA,164.031,164.5566,NA,183.211535644531
NA,NA,NA,NA,128.991,128.87055,NA,112.60336045296
NA,NA,NA,NA,82.344,84.1398,NA,75.1974541982015
NA,NA,NA,NA,81.468,74.99655,NA,66.2494701262443
NA,NA,NA,NA,88.476,89.40675,NA,74.7809141835859
NA,NA,NA,NA,129.648,122.1582,NA,100.400989795553
NA,NA,NA,NA,154.614,155.9937,NA,146.466062976468
NA,NA,NA,NA,200.166,187.05885,NA,175.792533874512
NA,NA,NA,NA,229.512,210.92985,NA,204.440070859848
NA,NA,NA,NA,199.071,204.3051,NA,247.628312683105
NA,NA,NA,NA,207.174,198.9177,NA,256.410359536448
NA,NA,NA,NA,185.931,183.29205,NA,242.041569371377
NA,NA,NA,NA,177.39,164.5566,NA,162.103937021891
NA,NA,NA,NA,117.165,128.87055,NA,121.898272606634
NA,NA,NA,NA,82.782,84.1398,NA,78.8881362915039
NA,NA,NA,NA,68.985,74.99655,NA,68.321767007151
NA,NA,NA,NA,83.22,89.40675,NA,79.8247817254836
NA,NA,NA,NA,113.661,122.1582,NA,116.82796396528
NA,NA,NA,NA,169.287,155.9937,NA,155.518872907085
NA,NA,NA,NA,188.559,187.05885,NA,166.086818186442
NA,NA,NA,NA,214.839,210.92985,NA,204.104972839355
NA,NA,NA,NA,216.81,204.3051,NA,232.378630065918
NA,NA,NA,NA,209.583,198.9177,NA,222.407013431672
NA,NA,NA,NA,187.683,183.29205,NA,209.137226227791
NA,NA,NA,NA,174.105,164.5566,NA,176.770580800374
NA,NA,NA,NA,136.875,128.87055,NA,129.059730775895
NA,NA,NA,NA,87.6,84.1398,NA,73.777472559611
NA,NA,NA,NA,90.447,74.99655,NA,60.1633375844648
NA,NA,NA,NA,105.777,89.40675,NA,76.892395142586
NA,NA,NA,NA,132.276,122.1582,NA,113.771364484515
NA,NA,NA,NA,156.147,155.9937,NA,167.473211719144
NA,NA,NA,NA,183.96,187.05885,NA,194.416281890869
NA,NA,NA,NA,210.897,210.92985,NA,236.986594907699
NA,NA,NA,NA,220.752,204.3051,NA,262.062232971191
NA,NA,NA,NA,196.005,198.9177,NA,249.387914349956
NA,NA,NA,NA,186.807,183.29205,NA,219.193384970388
NA,NA,NA,NA,163.374,164.5566,NA,169.822499338786
NA,NA,NA,NA,130.305,128.87055,NA,113.058971774194
NA,NA,NA,NA,79.497,84.1398,NA,85.315881729126
NA,NA,NA,NA,74.022,74.99655,NA,68.248789141255
NA,NA,NA,NA,94.17,89.40675,NA,70.5064517605689
NA,NA,NA,NA,125.268,122.1582,NA,118.980834143502
NA,NA,NA,NA,156.366,155.9937,NA,172.927548562327
NA,NA,NA,NA,209.583,187.05885,NA,210.276570129395
NA,NA,NA,NA,220.971,210.92985,NA,252.704088272587
NA,NA,NA,NA,218.124,204.3051,NA,267.346537272135
NA,NA,NA,NA,218.124,198.9177,NA,257.534537530714
NA,NA,NA,NA,181.551,183.29205,NA,212.210790326518
NA,NA,NA,NA,176.295,164.5566,NA,185.334056091309
NA,NA,NA,NA,127.458,128.87055,NA,144.717411164315
NA,NA,NA,NA,87.6,84.1398,NA,67.9937241872152
NA,NA,NA,NA,82.125,74.99655,NA,73.6837993744881
NA,NA,NA,NA,92.856,89.40675,NA,77.6733039117628
NA,NA,NA,NA,140.817,122.1582,NA,119.382320798677
NA,NA,NA,NA,153.3,155.9937,NA,155.920517213883
NA,NA,NA,NA,211.992,187.05885,NA,200.138362375895
NA,NA,NA,NA,232.797,210.92985,NA,226.032674481792
NA,NA,NA,NA,224.475,204.3051,NA,249.647557067871
NA,NA,NA,NA,211.116,198.9177,NA,235.912342686807
NA,NA,NA,NA,200.823,183.29205,NA,208.218511273784
NA,NA,NA,NA,185.712,164.5566,NA,183.450984700521
NA,NA,NA,NA,150.672,128.87055,NA,127.341374058877
NA,NA,NA,NA,69.861,84.1398,NA,93.478875986735
NA,NA,NA,NA,82.563,74.99655,NA,63.6381256349625
NA,NA,NA,NA,94.389,89.40675,NA,80.0039016969742
NA,NA,NA,NA,134.685,122.1582,NA,117.088222503662
NA,NA,NA,NA,151.767,155.9937,NA,177.415983138546
NA,NA,NA,NA,196.005,187.05885,NA,220.79704691569
NA,NA,NA,NA,242.214,210.92985,NA,235.39586762459
NA,NA,NA,NA,238.491,204.3051,NA,256.045900472005
NA,NA,NA,NA,192.72,198.9177,NA,241.536684097782
NA,NA,NA,NA,205.203,183.29205,NA,207.156285931987
NA,NA,NA,NA,183.522,164.5566,NA,168.496882629395
NA,NA,NA,NA,143.664,128.87055,NA,110.34842066611
NA,NA,NA,NA,92.856,84.1398,NA,70.0244117736816
NA,NA,NA,NA,70.08,74.99655,NA,60.3184665556877
NA,NA,NA,NA,86.943,89.40675,NA,70.3181921435941
NA,NA,NA,NA,128.991,122.1582,NA,115.631399563381
NA,NA,NA,NA,140.817,155.9937,NA,159.624232630576
NA,NA,NA,NA,206.736,187.05885,NA,200.770041910807
NA,NA,NA,NA,244.185,210.92985,NA,222.604075770224
NA,NA,NA,NA,240.024,204.3051,NA,250.819962565104
NA,NA,NA,NA,224.694,198.9177,NA,256.380635415354
NA,NA,NA,NA,190.092,183.29205,NA,209.56339780746
NA,NA,NA,NA,160.965,164.5566,NA,177.668936665853
NA,NA,NA,NA,128.991,128.87055,NA,131.63804552632
NA,NA,NA,NA,83.22,84.1398,NA,81.3962793986003
NA,NA,NA,NA,78.402,74.99655,NA,63.5515724920457
NA,NA,NA,NA,93.513,89.40675,NA,66.3401905182869
NA,NA,NA,NA,126.363,122.1582,NA,117.505877086094
NA,NA,NA,NA,150.234,155.9937,NA,167.771412264916
NA,NA,NA,NA,203.67,187.05885,NA,210.162034606934
NA,NA,NA,NA,219,210.92985,NA,211.799797796434
NA,NA,NA,NA,217.467,204.3051,NA,227.22237701416
NA,NA,NA,NA,220.533,198.9177,NA,228.444835539787
NA,NA,NA,NA,202.575,183.29205,NA,213.518826884608
NA,NA,NA,NA,176.733,164.5566,NA,180.887565612793
NA,NA,NA,NA,139.284,128.87055,NA,117.24699647965
NA,NA,NA,NA,84.972,84.1398,NA,80.4664975484212
NA,NA,NA,NA,74.241,74.99655,NA,63.0294287896925
NA,NA,NA,NA,88.914,89.40675,NA,80.6478644340269
NA,NA,NA,NA,130.086,122.1582,NA,116.015798371414
NA,NA,NA,NA,161.403,155.9937,NA,155.138725772981
NA,NA,NA,NA,188.34,187.05885,NA,214.22515411377
NA,NA,NA,NA,215.934,210.92985,NA,221.196199724751
NA,NA,NA,NA,214.839,204.3051,NA,212.395703125
NA,NA,NA,NA,174.324,198.9177,NA,254.933613930979
NA,NA,NA,NA,183.522,183.29205,NA,224.76987137333
NA,NA,NA,NA,179.142,164.5566,NA,183.942955525716
NA,NA,NA,NA,126.582,128.87055,NA,126.893358784337
NA,NA,NA,NA,80.592,84.1398,NA,69.7688471476237
NA,NA,NA,NA,78.402,74.99655,NA,60.810550320533
NA,NA,NA,NA,97.674,89.40675,NA,73.4229844616305
NA,NA,NA,NA,114.537,122.1582,NA,105.17750113351
NA,NA,NA,NA,162.498,155.9937,NA,150.655782391948
NA,NA,NA,NA,218.562,187.05885,NA,199.329652404785
NA,NA,NA,NA,221.409,210.92985,NA,225.861080538842
NA,NA,NA,NA,183.084,204.3051,NA,235.446812438965
NA,NA,NA,NA,205.86,198.9177,NA,239.074790216261
NA,NA,NA,NA,203.232,183.29205,NA,209.384032710906
NA,NA,NA,NA,170.382,164.5566,NA,165.983845774333
NA,NA,NA,NA,121.983,128.87055,NA,120.938194028793
NA,NA,NA,NA,76.212,84.1398,NA,71.0021043141683
NA,NA,NA,NA,78.183,74.99655,NA,60.1630653873567
NA,NA,NA,NA,91.104,89.40675,NA,79.6982874716482
NA,NA,NA,NA,108.624,122.1582,NA,114.666906084333
NA,NA,NA,NA,170.601,155.9937,NA,151.245542464718
NA,NA,NA,NA,206.298,187.05885,NA,196.499174499512
NA,NA,NA,NA,224.037,210.92985,NA,211.11481008222
NA,NA,NA,NA,195.786,204.3051,NA,253.925583902995
NA,NA,NA,NA,188.559,198.9177,NA,251.157183247228
NA,NA,NA,NA,191.406,183.29205,NA,231.18714018791
NA,NA,NA,NA,160.308,164.5566,NA,158.439287058512
NA,NA,NA,NA,136.218,128.87055,NA,120.081410069619
NA,NA,NA,NA,73.803,84.1398,NA,76.3519031524658
NA,NA,NA,NA,72.27,74.99655,NA,66.4451396080756
NA,NA,NA,NA,99.864,89.40675,NA,81.6432213321809
NA,NA,NA,NA,125.487,122.1582,NA,109.767130715506
NA,NA,NA,NA,143.664,155.9937,NA,154.885083352366
NA,NA,NA,NA,202.575,187.05885,NA,185.360131835937
NA,NA,NA,NA,208.488,210.92985,NA,225.639043500347
NA,NA,NA,NA,208.926,204.3051,NA,272.532054138184
NA,NA,NA,NA,201.261,198.9177,NA,252.660220730689
NA,NA,NA,NA,199.728,183.29205,NA,216.840459023753
NA,NA,NA,NA,154.833,164.5566,NA,159.948610687256
NA,NA,NA,NA,119.793,128.87055,NA,112.253601566438
NA,NA,NA,NA,84.096,84.1398,NA,73.2253664652507
NA,NA,NA,NA,84.096,74.99655,NA,61.2224927102366
NA,NA,NA,NA,101.835,89.40675,NA,74.5516749966529
NA,NA,NA,NA,118.917,122.1582,NA,107.617126727926
NA,NA,NA,NA,153.3,155.9937,NA,148.961145216419
NA,NA,NA,NA,198.852,187.05885,NA,196.073327636719
NA,NA,NA,NA,214.401,210.92985,NA,231.187659478957
NA,NA,NA,NA,233.235,204.3051,NA,206.991340637207
NA,NA,NA,NA,216.372,198.9177,NA,219.956201860982
NA,NA,NA,NA,187.026,183.29205,NA,211.921931851295
NA,NA,NA,NA,152.643,164.5566,NA,165.296231587728
NA,NA,NA,NA,132.057,128.87055,NA,115.754612584268
NA,NA,NA,NA,87.819,84.1398,NA,68.6578818003337
NA,NA,NA,NA,81.687,74.99655,NA,50.6580576127575
NA,NA,NA,NA,95.046,89.40675,NA,79.3710837825652
NA,NA,NA,NA,125.049,122.1582,NA,116.928235735212
NA,NA,NA,NA,139.065,155.9937,NA,128.634562830771
NA,NA,NA,NA,203.67,187.05885,NA,174.297393798828
NA,NA,NA,NA,208.488,210.92985,NA,187.457807725476
NA,NA,NA,NA,174.981,204.3051,NA,220.332690938314
NA,NA,NA,NA,195.348,198.9177,NA,249.835699758222
NA,NA,NA,NA,189.216,183.29205,NA,222.997136762065
NA,NA,NA,NA,171.258,164.5566,NA,174.765763346354
NA,NA,NA,NA,125.487,128.87055,NA,137.598385472451
NA,NA,NA,NA,72.927,84.1398,NA,79.0957293192546
NA,NA,NA,NA,77.307,74.99655,NA,66.0377621804514
NA,NA,NA,NA,94.389,89.40675,NA,69.0873523835213
NA,NA,NA,NA,124.83,122.1582,NA,125.990244729178
NA,NA,NA,NA,147.606,155.9937,NA,160.028021781675
NA,NA,NA,NA,184.398,187.05885,NA,177.275162506104
NA,NA,NA,NA,211.335,210.92985,NA,190.40973220333
NA,NA,NA,NA,195.786,204.3051,NA,234.496812438965
NA,NA,NA,NA,191.187,198.9177,NA,232.52617965206
NA,NA,NA,NA,182.646,183.29205,NA,212.891626665669
NA,NA,NA,NA,178.266,164.5566,NA,154.655317942301
NA,NA,NA,NA,138.189,128.87055,NA,123.938770417244
NA,NA,NA,NA,84.315,84.1398,NA,74.0528881072998
NA,NA,NA,NA,79.059,74.99655,NA,56.4976352568596
NA,NA,NA,NA,89.79,89.40675,NA,65.843575877528
NA,NA,NA,NA,129.21,122.1582,NA,99.8558940887451
NA,NA,NA,NA,157.023,155.9937,NA,155.181120349515
NA,NA,NA,NA,206.298,187.05885,NA,193.480797576904
NA,NA,NA,NA,191.844,210.92985,NA,229.279152654832
NA,NA,NA,NA,217.467,204.3051,NA,240.632674153646
NA,NA,NA,NA,200.823,198.9177,NA,247.982390372984
NA,NA,NA,NA,202.794,183.29205,NA,211.517154816658
NA,NA,NA,NA,153.081,164.5566,NA,146.925997416178
NA,NA,NA,NA,137.532,128.87055,NA,120.15615623228
NA,NA,NA,NA,86.943,84.1398,NA,81.6458643595378
NA,NA,NA,NA,74.46,74.99655,NA,72.0063583620133
NA,NA,NA,NA,92.856,89.40675,NA,77.010865980579
NA,NA,NA,NA,125.049,122.1582,NA,107.160875254664
NA,NA,NA,NA,149.577,155.9937,NA,157.187434780982
NA,NA,NA,NA,194.034,187.05885,NA,199.819784545898
NA,NA,NA,NA,224.475,210.92985,NA,196.41116726783
NA,NA,NA,NA,192.939,204.3051,NA,236.62100016276
NA,NA,NA,NA,197.538,198.9177,NA,232.229326801915
NA,NA,NA,NA,173.886,183.29205,NA,226.894242317446
NA,NA,NA,NA,157.461,164.5566,NA,171.546639760335
NA,NA,NA,NA,125.925,128.87055,NA,102.432449094711
NA,NA,NA,NA,93.951,84.1398,NA,71.3854604085286
NA,NA,NA,NA,82.125,74.99655,NA,66.6189140812043
NA,NA,NA,NA,97.674,89.40675,NA,79.2612000742266
NA,NA,NA,NA,127.02,122.1582,NA,108.611626216343
NA,NA,NA,NA,159.87,155.9937,NA,159.738795618857
NA,NA,NA,NA,204.765,187.05885,NA,212.970120239258
NA,NA,NA,NA,218.343,210.92985,NA,252.283653505387
NA,NA,NA,NA,209.145,204.3051,NA,216.02387491862
NA,NA,NA,NA,200.823,198.9177,NA,235.766658659904
NA,NA,NA,NA,187.245,183.29205,NA,195.599366218813
NA,NA,NA,NA,176.733,164.5566,NA,146.591754659017
NA,NA,NA,NA,121.107,128.87055,NA,116.806940878591
NA,NA,NA,NA,87.6,84.1398,NA,65.2587833404541
NA,NA,NA,NA,81.906,74.99655,NA,61.979670739943
NA,NA,NA,NA,99.207,89.40675,NA,62.5477397057318
NA,NA,NA,NA,107.091,122.1582,NA,122.444589069911
NA,NA,NA,NA,164.688,155.9937,NA,158.746756768996
NA,NA,NA,NA,200.823,187.05885,NA,188.746140034993
NA,NA,NA,NA,231.702,210.92985,NA,244.427621656849
NA,NA,NA,NA,193.377,204.3051,NA,264.33256632487
NA,NA,NA,NA,209.583,198.9177,NA,259.76213812059
NA,NA,NA,NA,183.96,183.29205,NA,207.832548079952
NA,NA,NA,NA,146.511,164.5566,NA,186.131910705566
NA,NA,NA,NA,131.4,128.87055,NA,126.592921103201
NA,NA,NA,NA,73.584,84.1398,NA,87.5380167643229
NA,NA,NA,NA,81.03,74.99655,NA,64.4757320034889
NA,NA,NA,NA,87.381,89.40675,NA,67.5313390916394
NA,NA,NA,NA,137.751,122.1582,NA,124.134824752808
NA,NA,NA,NA,155.49,155.9937,NA,142.635318879158
NA,NA,NA,NA,189.654,187.05885,NA,171.455243428548
NA,NA,NA,NA,213.306,210.92985,NA,211.962866506269
NA,NA,NA,NA,217.248,204.3051,NA,268.594687398275
NA,NA,NA,NA,210.678,198.9177,NA,241.351279474074
NA,NA,NA,NA,174.981,183.29205,NA,201.58552797379
NA,NA,NA,NA,183.084,164.5566,NA,174.66230875651
NA,NA,NA,NA,135.342,128.87055,NA,103.577912361391
NA,NA,NA,NA,96.36,84.1398,NA,70.0731800079346
NA,NA,NA,NA,76.65,74.99655,NA,65.809757724885
NA,NA,NA,NA,81.687,89.40675,NA,74.4217929224814
NA,NA,NA,NA,122.202,122.1582,NA,113.370529174805
NA,NA,NA,NA,156.147,155.9937,NA,146.033611420662
NA,NA,NA,NA,185.712,187.05885,NA,175.615130615234
NA,NA,NA,NA,195.786,210.92985,NA,231.454473680066
NA,NA,NA,NA,219.219,204.3051,NA,241.455235290527
NA,NA,NA,NA,192.282,198.9177,NA,235.327889719317
NA,NA,NA,NA,180.018,183.29205,NA,208.48909488801
NA,NA,NA,NA,175.2,164.5566,NA,171.398273976644
NA,NA,NA,NA,107.967,128.87055,NA,113.820869445801
NA,NA,NA,NA,91.104,84.1398,NA,71.7139081319173
NA,NA,NA,NA,65.919,74.99655,NA,69.6066722254599
NA,NA,NA,NA,88.695,89.40675,NA,76.6027921861218
NA,NA,NA,NA,127.677,122.1582,NA,102.841709954398
NA,NA,NA,NA,146.949,155.9937,NA,140.459448291409
NA,NA,NA,NA,191.187,187.05885,NA,178.566351064046
NA,NA,NA,NA,225.351,210.92985,NA,235.94712238927
NA,NA,NA,NA,220.095,204.3051,NA,243.704135640462
NA,NA,NA,NA,208.05,198.9177,NA,236.71868108934
NA,NA,NA,NA,181.113,183.29205,NA,210.849450880481
NA,NA,NA,NA,170.82,164.5566,NA,142.590470631917
NA,NA,NA,NA,130.305,128.87055,NA,118.091689325148
NA,NA,NA,NA,89.352,84.1398,NA,82.6715967814128
NA,NA,NA,NA,86.286,74.99655,NA,51.2742366790771
NA,NA,NA,NA,97.893,89.40675,NA,77.3653357721144
NA,NA,NA,NA,116.727,122.1582,NA,111.699789592198
NA,NA,NA,NA,145.197,155.9937,NA,160.924852432743
NA,NA,NA,NA,203.013,187.05885,NA,210.168794759115
NA,NA,NA,NA,224.913,210.92985,NA,223.022045012443
NA,NA,NA,NA,201.699,204.3051,NA,214.243143717448
NA,NA,NA,NA,198.195,198.9177,NA,265.829766058153
NA,NA,NA,NA,195.786,183.29205,NA,202.819826679845
NA,NA,NA,NA,151.329,164.5566,NA,163.642720540365
NA,NA,NA,NA,136.218,128.87055,NA,129.508558211788
NA,NA,NA,NA,87.381,84.1398,NA,78.5826822916667
NA,NA,NA,NA,78.183,74.99655,NA,56.7493751279769
NA,NA,NA,NA,95.484,89.40675,NA,80.742012885309
NA,NA,NA,NA,120.888,122.1582,NA,119.14355305263
NA,NA,NA,NA,168.192,155.9937,NA,148.623833194856
NA,NA,NA,NA,191.187,187.05885,NA,164.304048411051
NA,NA,NA,NA,223.818,210.92985,NA,199.643564285771
NA,NA,NA,NA,184.179,204.3051,NA,269.666372172038
NA,NA,NA,NA,209.583,198.9177,NA,249.280382217899
NA,NA,NA,NA,188.778,183.29205,NA,224.9165285172
NA,NA,NA,NA,157.68,164.5566,NA,197.489669799805
NA,NA,NA,NA,144.54,128.87055,NA,127.758975121283
NA,NA,NA,NA,82.563,84.1398,NA,78.428374226888
NA,NA,NA,NA,81.03,74.99655,NA,58.8552695243589
NA,NA,NA,NA,87.6,89.40675,NA,81.0171305748724
NA,NA,NA,NA,130.305,122.1582,NA,108.663637884732
NA,NA,NA,NA,128.772,155.9937,NA,166.881640034337
NA,NA,NA,NA,186.15,187.05885,NA,179.43602625529
NA,NA,NA,NA,205.203,210.92985,NA,203.971310523248
NA,NA,NA,NA,221.628,204.3051,NA,253.19345296224
NA,NA,NA,NA,209.802,198.9177,NA,225.414166850428
NA,NA,NA,NA,198.414,183.29205,NA,220.626833023564
NA,NA,NA,NA,181.77,164.5566,NA,179.17437693278
NA,NA,NA,NA,127.239,128.87055,NA,117.655040371803
NA,NA,NA,NA,86.286,84.1398,NA,80.1530077616374
NA,NA,NA,NA,76.431,74.99655,NA,57.3018892349735
NA,NA,NA,NA,94.827,89.40675,NA,74.6075968588552
NA,NA,NA,NA,111.909,122.1582,NA,110.686223575047
NA,NA,NA,NA,154.176,155.9937,NA,164.384320412913
NA,NA,NA,NA,195.129,187.05885,NA,193.927151997884
NA,NA,NA,NA,222.723,210.92985,NA,215.678826608965
NA,NA,NA,NA,212.868,204.3051,NA,209.405903116862
NA,NA,NA,NA,194.472,198.9177,NA,260.20988218246
NA,NA,NA,NA,191.844,183.29205,NA,204.241735150737
NA,NA,NA,NA,184.617,164.5566,NA,160.040095774333
NA,NA,NA,NA,130.962,128.87055,NA,115.590711039882
NA,NA,NA,NA,94.389,84.1398,NA,59.2967332204183
NA,NA,NA,NA,71.832,74.99655,NA,60.7503451685752
NA,NA,NA,NA,93.075,89.40675,NA,72.2818475538684
NA,NA,NA,NA,124.83,122.1582,NA,103.706834248134
NA,NA,NA,NA,173.448,155.9937,NA,159.704645956716
NA,NA,NA,NA,196.005,187.05885,NA,198.977040863037
NA,NA,NA,NA,226.884,210.92985,NA,227.262214414535
NA,NA,NA,NA,205.641,204.3051,NA,237.347991943359
NA,NA,NA,NA,222.285,198.9177,NA,217.864664877615
NA,NA,NA,NA,185.274,183.29205,NA,189.205443843719
NA,NA,NA,NA,171.477,164.5566,NA,147.784417215983
NA,NA,NA,NA,134.466,128.87055,NA,116.112052179152
NA,NA,NA,NA,75.993,84.1398,NA,72.497975285848
NA,NA,NA,NA,79.497,74.99655,NA,63.3866774036038
NA,NA,NA,NA,92.637,89.40675,NA,79.6052851523122
NA,NA,NA,NA,121.983,122.1582,NA,129.898375647409
NA,NA,NA,NA,166.002,155.9937,NA,150.637450679656
NA,NA,NA,NA,203.232,187.05885,NA,169.509086354574
NA,NA,NA,NA,210.897,210.92985,NA,235.699938374181
NA,NA,NA,NA,214.62,204.3051,NA,238.327462259928
NA,NA,NA,NA,188.34,198.9177,NA,245.703101865707
NA,NA,NA,NA,186.369,183.29205,NA,224.633908179498
NA,NA,NA,NA,166.002,164.5566,NA,150.975053405762
NA,NA,NA,NA,138.627,128.87055,NA,130.700671288275
NA,NA,NA,NA,91.104,84.1398,NA,81.0000450134277
NA,NA,NA,NA,69.642,74.99655,NA,66.5583633915071
NA,NA,NA,NA,93.732,89.40675,NA,81.0424562269641
NA,NA,NA,NA,133.152,122.1582,NA,118.548254078832
NA,NA,NA,NA,158.337,155.9937,NA,166.589053738502
NA,NA,NA,NA,185.274,187.05885,NA,160.005170186361
NA,NA,NA,NA,231.483,210.92985,NA,207.353623420961
NA,NA,NA,NA,201.261,204.3051,NA,256.508147684733
NA,NA,NA,NA,210.459,198.9177,NA,226.014593801191
NA,NA,NA,NA,205.641,183.29205,NA,218.859101326235
NA,NA,NA,NA,151.986,164.5566,NA,180.891165161133
NA,NA,NA,NA,141.255,128.87055,NA,104.500490742345
NA,NA,NA,NA,91.542,84.1398,NA,74.7841665903727
NA,NA,NA,NA,69.642,74.99655,NA,68.7673798837969
NA,NA,NA,NA,96.36,89.40675,NA,77.4831830916866
NA,NA,NA,NA,127.02,122.1582,NA,101.174699102129
NA,NA,NA,NA,168.411,155.9937,NA,158.014726700321
NA,NA,NA,NA,173.01,187.05885,NA,191.660354614258
NA,NA,NA,NA,220.314,210.92985,NA,198.955590524981
NA,NA,NA,NA,231.921,204.3051,NA,214.431835428874
NA,NA,NA,NA,190.53,198.9177,NA,235.632701750725
NA,NA,NA,NA,185.493,183.29205,NA,212.215553529801
NA,NA,NA,NA,181.77,164.5566,NA,171.078429667155
NA,NA,NA,NA,123.516,128.87055,NA,121.727835624449
NA,NA,NA,NA,90.228,84.1398,NA,76.7526837666829
NA,NA,NA,NA,77.745,74.99655,NA,72.8324093972483
NA,NA,NA,NA,89.352,89.40675,NA,74.315494783463
NA,NA,NA,NA,121.326,122.1582,NA,106.808494976589
NA,NA,NA,NA,173.667,155.9937,NA,157.918106571321
NA,NA,NA,NA,197.1,187.05885,NA,182.501103210449
NA,NA,NA,NA,208.707,210.92985,NA,208.356136937295
NA,NA,NA,NA,188.778,204.3051,NA,228.517389424642
NA,NA,NA,NA,200.166,198.9177,NA,249.443940193422
NA,NA,NA,NA,187.902,183.29205,NA,213.04729929278
NA,NA,NA,NA,168.63,164.5566,NA,172.647710927327
NA,NA,NA,NA,137.751,128.87055,NA,116.705229236234
NA,NA,NA,NA,83.001,84.1398,NA,80.7419587453206
NA,NA,NA,NA,89.352,74.99655,NA,59.1143088802215
NA,NA,NA,NA,86.286,89.40675,363,73.6351521399713
NA,NA,NA,NA,133.371,122.1582,504,105.257788521903
NA,NA,NA,NA,173.448,155.9937,613,136.447320753528
NA,NA,NA,NA,190.53,187.05885,2147.16,192.530067952474
NA,NA,NA,NA,209.583,210.92985,10428.35,247.786102294922
NA,NA,NA,NA,216.372,204.3051,4201.31,258.788690185547
NA,NA,NA,NA,205.203,198.9177,7669.43,233.426814417685
NA,NA,NA,NA,180.018,183.29205,9662.89,208.647254697738
NA,NA,NA,NA,171.696,164.5566,11691.45,180.544206746419
NA,NA,NA,NA,127.896,128.87055,8244.84,121.320592080393
NA,NA,NA,NA,90.666,84.1398,5202.8,71.912957127889
NA,NA,NA,NA,77.088,74.99655,2895.22,63.3488612021169
NA,NA,NA,NA,89.133,89.40675,3132.45,73.2448186566753
NA,NA,NA,NA,122.421,122.1582,2696.97,103.474791428138
NA,NA,NA,NA,152.643,155.9937,4846.38,147.102992150091
NA,NA,NA,NA,212.211,187.05885,9149.23,194.950893147786
NA,NA,NA,NA,214.839,210.92985,4597.72,246.853573706842
NA,NA,NA,NA,219.657,204.3051,10007.12,265.56626739502
NA,NA,NA,NA,210.897,198.9177,8099.81,229.092586886498
NA,NA,NA,NA,192.939,183.29205,11857.72,202.796679589056
NA,NA,NA,NA,181.77,164.5566,13164.04,168.085164642334
NA,NA,NA,NA,131.838,128.87055,9612.09,111.952889473208
NA,NA,NA,NA,81.906,84.1398,3726.73,65.6727549235026
NA,NA,NA,NA,88.695,74.99655,1913.45,53.6956390873078
NA,NA,NA,NA,88.695,89.40675,5230.67,67.387933054278
NA,NA,NA,NA,116.508,122.1582,6897.9,116.992972510202
NA,NA,NA,NA,168.192,155.9937,3713.54,164.448913082
NA,NA,NA,NA,188.778,187.05885,5168.4,181.005409240723
NA,NA,NA,NA,235.644,210.92985,6043.79,231.019572104177
NA,NA,NA,NA,218.781,204.3051,11226.23,265.482268778483
NA,NA,NA,NA,197.1,198.9177,8213.37,265.982285530336
NA,NA,NA,NA,185.931,183.29205,1760.96,223.222147295552
NA,NA,NA,NA,168.192,164.5566,4612.76,151.706739807129
NA,NA,NA,NA,130.305,128.87055,8041.68,126.971547280588
NA,NA,NA,NA,76.869,84.1398,6357.35,84.0406003316243
NA,NA,NA,NA,76.212,74.99655,1651.88,63.2809118455456
NA,NA,NA,NA,87.6,89.40675,5786.91,70.5076659417922
NA,NA,NA,NA,136.875,122.1582,7057.8,115.079612459455
NA,NA,NA,NA,159.432,155.9937,3581.14,154.466770295174
NA,NA,NA,NA,188.34,187.05885,5967,196.784115600586
NA,NA,NA,NA,229.95,210.92985,12038.22,227.067896196919
NA,NA,NA,NA,218.124,204.3051,20770.01,239.834265136719
NA,NA,NA,NA,212.211,198.9177,9334.48,239.898394184728
NA,NA,NA,NA,190.968,183.29205,16314.06,197.349386892011
NA,NA,NA,NA,162.06,164.5566,8005.14,160.936347452799
NA,NA,NA,NA,141.255,128.87055,9020.14,130.643783815445
NA,NA,NA,NA,92.199,84.1398,NA,78.7476643880208
NA,NA,NA,NA,70.737,74.99655,NA,60.8014742943548
NA,NA,NA,NA,79.497,89.40675,NA,71.0064844931326
NA,NA,NA,NA,110.376,122.1582,NA,114.00945854187
NA,NA,NA,NA,135.561,155.9937,NA,145.927503278179
NA,NA,NA,NA,154.614,187.05885,NA,199.830141194661
NA,NA,NA,NA,162.498,210.92985,NA,202.141496227634
NA,NA,NA,NA,166.878,204.3051,NA,248.895992533366
NA,NA,NA,NA,169.506,198.9177,NA,239.251872893303
NA,NA,NA,NA,156.804,183.29205,NA,233.376230055286
NA,NA,NA,NA,138.846,164.5566,NA,177.966009775798
NA,NA,NA,NA,108.843,128.87055,NA,118.531280763688
NA,NA,NA,NA,69.423,84.1398,NA,70.4430492401123
NA,NA,NA,NA,61.32,74.99655,NA,67.1947468173119
NA,NA,NA,NA,79.497,89.40675,NA,72.9183886128087
NA,NA,NA,NA,110.376,122.1582,NA,109.146410448798
NA,NA,NA,NA,135.561,155.9937,NA,169.833942044166
NA,NA,NA,NA,154.614,187.05885,NA,184.849881998698
NA,NA,NA,NA,162.498,210.92985,NA,221.794091009325
NA,NA,NA,NA,166.878,204.3051,NA,221.055379231771
NA,NA,NA,NA,169.506,198.9177,NA,235.857245168378
NA,NA,NA,NA,156.804,183.29205,NA,226.294656568958
NA,NA,NA,NA,138.846,164.5566,NA,150.326965332031
NA,NA,NA,NA,108.843,128.87055,NA,128.695630719585
NA,NA,NA,NA,69.423,84.1398,NA,80.3443861643473
NA,NA,NA,NA,61.32,74.99655,NA,54.6365390900643
NA,NA,NA,NA,79.497,89.40675,NA,72.8304766993369
NA,NA,NA,NA,110.376,122.1582,NA,114.176268713815
NA,NA,NA,NA,135.561,155.9937,NA,152.787011669528
NA,NA,NA,NA,154.614,187.05885,NA,208.249957529704
NA,NA,NA,NA,162.498,210.92985,NA,217.690887943391
NA,NA,NA,NA,166.878,204.3051,NA,261.005470784505
NA,NA,NA,NA,169.506,198.9177,NA,258.422088130828
NA,NA,NA,NA,156.804,183.29205,NA,212.317640735257
NA,NA,NA,NA,138.846,164.5566,NA,170.424637349447
NA,NA,NA,NA,108.843,128.87055,NA,126.124443300309
NA,NA,NA,NA,69.423,84.1398,NA,77.867796198527
NA,NA,NA,NA,61.32,74.99655,NA,69.0810260157431
NA,NA,NA,NA,NA,89.40675,NA,67.7640494069746
NA,NA,NA,NA,NA,122.1582,NA,117.422997065953
NA,NA,NA,NA,NA,155.9937,NA,162.753468667307
NA,NA,NA,NA,NA,187.05885,NA,206.323904418945
NA,NA,NA,NA,NA,210.92985,NA,236.253245692099
NA,NA,NA,NA,NA,204.3051,NA,218.404400634766
NA,NA,NA,NA,NA,198.9177,NA,254.318720171528
NA,NA,NA,NA,NA,183.29205,NA,225.226503925939
NA,NA,NA,NA,NA,164.5566,NA,184.206143951416
NA,NA,NA,NA,NA,128.87055,NA,126.970794923844
NA,NA,NA,NA,NA,84.1398,NA,82.5719450632731
NA,NA,NA,NA,NA,74.99655,NA,64.9543464414535
NA,NA,NA,NA,NA,89.40675,NA,77.6644535679971
NA,NA,NA,NA,NA,122.1582,NA,120.443872179304
NA,NA,NA,NA,NA,155.9937,NA,171.452303732595
NA,NA,NA,NA,NA,187.05885,NA,213.713435872396
NA,NA,NA,NA,NA,210.92985,NA,240.433040988061
NA,NA,NA,NA,NA,204.3051,NA,264.968380228678
NA,NA,NA,NA,NA,198.9177,NA,258.551273961221
NA,NA,NA,NA,NA,183.29205,NA,209.80151613297
NA,NA,NA,NA,NA,164.5566,NA,169.725516255697
NA,NA,NA,NA,NA,128.87055,NA,129.217486227712
NA,NA,NA,NA,NA,84.1398,NA,82.7507080078125
NA,NA,NA,NA,NA,74.99655,NA,66.8030219539519
NA,NA,NA,NA,NA,89.40675,NA,78.097848092356
NA,NA,NA,NA,NA,122.1582,NA,117.67426826214
NA,NA,NA,NA,NA,155.9937,NA,161.434520106162
NA,NA,NA,NA,NA,187.05885,NA,160.221164957682
NA,NA,NA,NA,NA,210.92985,NA,205.219053206905
NA,NA,NA,NA,NA,204.3051,NA,207.687044270833
NA,NA,NA,NA,NA,198.9177,NA,229.998912442115
NA,NA,NA,NA,NA,183.29205,NA,212.574995963804
NA,NA,NA,NA,NA,164.5566,NA,174.86828994751
NA,NA,NA,NA,NA,128.87055,NA,122.787209787676
NA,NA,NA,NA,NA,84.1398,NA,79.0918949127197
NA,NA,NA,NA,NA,74.99655,NA,67.7018873153194
NA,NA,NA,NA,NA,89.40675,NA,75.9228900786369
NA,NA,NA,NA,NA,122.1582,NA,111.956626347133
NA,NA,NA,NA,NA,155.9937,NA,150.806184584095
NA,NA,NA,NA,NA,187.05885,NA,224.241167195638
NA,NA,NA,NA,NA,210.92985,NA,225.885883454354
NA,NA,NA,NA,NA,204.3051,NA,247.144004313151
NA,NA,NA,NA,NA,198.9177,NA,259.687564972908
NA,NA,NA,NA,NA,183.29205,NA,216.913494479272
NA,NA,NA,NA,NA,164.5566,NA,192.028735860189
NA,NA,NA,NA,NA,128.87055,NA,137.639598231162
NA,NA,NA,NA,NA,84.1398,NA,82.3102904001872
NA,NA,NA,NA,NA,74.99655,NA,66.1061592102051
NA,NA,NA,NA,NA,89.40675,NA,70.0638579091718
NA,NA,NA,NA,NA,122.1582,NA,112.630748067583
NA,NA,NA,NA,NA,155.9937,NA,139.543021663543
NA,NA,NA,NA,NA,187.05885,NA,185.992153422038
NA,NA,NA,NA,NA,210.92985,NA,220.988847794071
NA,NA,NA,NA,NA,204.3051,NA,239.496263631185
NA,NA,NA,NA,NA,198.9177,NA,257.809702227193
NA,NA,NA,NA,NA,183.29205,NA,238.188309700258
NA,NA,NA,NA,NA,164.5566,NA,182.973211669922
NA,NA,NA,NA,NA,128.87055,NA,115.442830485682
NA,NA,NA,NA,NA,84.1398,NA,73.7794064839681
NA,NA,NA,NA,NA,74.99655,NA,67.5497961967222
NA,NA,NA,NA,NA,89.40675,NA,82.6533097297915
NA,NA,NA,NA,NA,122.1582,NA,109.779967580523
NA,NA,NA,NA,NA,155.9937,NA,162.507357935752
NA,NA,NA,NA,NA,187.05885,NA,180.851230112712
NA,NA,NA,NA,NA,210.92985,NA,178.137378815682
NA,NA,NA,NA,NA,204.3051,NA,216.544025166829
NA,NA,NA,NA,NA,198.9177,NA,242.744353755828
NA,NA,NA,NA,NA,183.29205,NA,201.189040645476
NA,NA,NA,NA,NA,164.5566,NA,160.78401667277
NA,NA,NA,NA,NA,128.87055,NA,111.946985552388
NA,NA,NA,NA,NA,84.1398,NA,72.9731042226156
NA,NA,NA,9.9,NA,74.99655,NA,59.963569271949
NA,NA,NA,13.4,NA,89.40675,NA,76.5108608122795
NA,NA,NA,21.9,NA,122.1582,NA,119.432820024162
NA,NA,NA,24.6,NA,155.9937,NA,143.985231461064
NA,NA,NA,32.4,NA,187.05885,NA,187.194870503743
NA,NA,NA,38.8,NA,210.92985,NA,213.941025764711
NA,NA,NA,43.4,NA,204.3051,NA,240.445969136556
NA,NA,NA,38.1,NA,198.9177,NA,212.447939472814
NA,NA,NA,37,NA,183.29205,NA,202.306160711473
NA,NA,NA,30.9,NA,164.5566,NA,174.540930684408
NA,NA,NA,20.9,NA,128.87055,NA,116.054185436618
NA,NA,NA,14.2,NA,84.1398,NA,76.9335475921631
NA,NA,NA,9.1,NA,74.99655,NA,55.4618282933389
NA,NA,NA,12,NA,89.40675,NA,75.9043505268712
NA,NA,NA,19.2,NA,122.1582,NA,118.834059306553
NA,NA,NA,27.2,NA,155.9937,NA,170.301584797521
NA,NA,NA,36.7,NA,187.05885,NA,205.465627543132
NA,NA,NA,32.9,NA,210.92985,NA,196.050573041362
NA,NA,NA,39.4,NA,204.3051,NA,233.31876373291
NA,NA,NA,36,NA,198.9177,NA,239.326262443296
NA,NA,NA,33.8,NA,183.29205,NA,210.097127114573
NA,NA,NA,29.4,NA,164.5566,NA,188.101857248942
NA,NA,NA,12.5,NA,128.87055,NA,99.0450215493479
NA,NA,NA,11.7,NA,84.1398,NA,79.8233781178792
NA,NA,NA,10.3,NA,74.99655,NA,66.7616220289661
NA,NA,NA,9.3,NA,89.40675,NA,64.0371186041063
NA,NA,NA,17.6,NA,122.1582,NA,107.771079744611
NA,NA,NA,26,NA,155.9937,NA,161.036167760049
NA,NA,NA,32,NA,187.05885,NA,200.89039662679
NA,NA,NA,31.9,NA,210.92985,NA,185.747051115959
NA,NA,NA,32.8,NA,204.3051,NA,182.979067484538
NA,NA,NA,42.7,NA,198.9177,NA,241.579454975743
NA,NA,NA,37.9,NA,183.29205,NA,210.60479810161
NA,NA,NA,28.3,NA,164.5566,NA,156.252561187744
NA,NA,NA,20.8,NA,128.87055,NA,115.017197639711
NA,NA,NA,12.6,NA,84.1398,NA,70.7221967061361
NA,NA,NA,9.4,NA,74.99655,NA,56.6759166717529
NA,NA,NA,11.5,NA,89.40675,NA,77.8888889435799
NA,NA,NA,19.7,NA,122.1582,NA,121.908863067627
NA,NA,NA,26.6,NA,155.9937,NA,163.470206968246
NA,NA,NA,27.1,NA,187.05885,NA,184.942968241374
NA,NA,NA,44.6,NA,210.92985,NA,242.318179715064
NA,NA,NA,43.8,NA,204.3051,NA,242.645404561361
NA,NA,NA,42.9,NA,198.9177,NA,236.112221994708
NA,NA,NA,37.8,NA,183.29205,NA,211.030357606949
NA,NA,NA,33.5,NA,164.5566,NA,183.237582397461
NA,NA,NA,20.3,NA,128.87055,NA,119.845812397618
NA,NA,NA,12.4,NA,84.1398,NA,78.2661426544189
NA,NA,NA,8.2,NA,74.99655,NA,61.7019944960071
NA,NA,NA,12,NA,89.40675,NA,77.1630146887995
NA,NA,NA,14.1,NA,122.1582,NA,108.486027290081
NA,NA,NA,24.4,NA,155.9937,NA,159.875617242629
NA,NA,NA,35.5,NA,187.05885,NA,208.164657084147
NA,NA,NA,39.5,NA,210.92985,NA,228.236497448337
NA,NA,NA,38.1,NA,204.3051,NA,230.891790771484
NA,NA,NA,36.4,NA,198.9177,NA,243.345132150958
NA,NA,NA,32,NA,183.29205,NA,206.630153040732
NA,NA,NA,24.9,NA,164.5566,NA,163.728688557943
NA,NA,NA,18.6,NA,128.87055,NA,124.112481394122
NA,NA,NA,9.6,NA,84.1398,NA,80.2121969858805
NA,NA,NA,7,NA,74.99655,NA,53.8056778446321
NA,NA,NA,11.6,NA,89.40675,NA,80.8486181689847
NA,NA,NA,17.6,NA,122.1582,NA,117.846278871809
NA,NA,NA,25.3,NA,155.9937,NA,163.105970567273
NA,NA,NA,30.2,NA,187.05885,NA,199.353593444824
NA,NA,NA,30.8,NA,210.92985,NA,200.500250785582
NA,NA,NA,27.8,NA,204.3051,NA,217.405734761556
NA,NA,NA,32.2,NA,198.9177,NA,234.331215150895
NA,NA,NA,31.3,NA,183.29205,NA,205.302540440713
NA,NA,NA,25.8,NA,164.5566,NA,175.952970377604
NA,NA,NA,13.4,NA,128.87055,NA,112.463291291268
NA,NA,NA,10.5,NA,84.1398,NA,76.4613891601562
NA,NA,NA,8.9,NA,74.99655,NA,64.7068429762317
NA,NA,NA,11.2,NA,89.40675,NA,78.4585504839497
NA,NA,NA,15.9,NA,122.1582,NA,110.02531678336
NA,NA,NA,21.8,NA,155.9937,NA,154.397305642405
NA,NA,NA,30.3,NA,187.05885,NA,198.967714945475
NA,NA,NA,36.9,NA,210.92985,NA,227.788212930003
NA,NA,NA,31.3,NA,204.3051,NA,235.340547688802
NA,NA,NA,38.3,NA,198.9177,NA,251.667231898154
NA,NA,NA,31.9,NA,183.29205,NA,213.553231516192
NA,NA,NA,25.1,NA,164.5566,NA,162.345753479004
NA,NA,NA,17.1,NA,128.87055,NA,118.813285581527
NA,NA,NA,14.2,NA,84.1398,NA,79.9664972941081
NA,NA,NA,11.7,NA,74.99655,NA,65.5779058394894
NA,NA,NA,12.8,NA,89.40675,NA,79.659738971341
NA,NA,NA,17.7,NA,122.1582,NA,113.958307811192
NA,NA,NA,27.5,NA,155.9937,NA,159.603544665921
NA,NA,NA,29,NA,187.05885,NA,183.059136962891
NA,NA,NA,35.7,NA,210.92985,NA,216.086624637727
NA,NA,NA,40.7,NA,204.3051,NA,242.758526102702
NA,NA,NA,46.2,NA,198.9177,NA,256.920736497448
NA,NA,NA,35.9,NA,183.29205,NA,210.000139790197
NA,NA,NA,26.1,NA,164.5566,NA,156.861986287435
NA,NA,NA,16.5,NA,128.87055,NA,121.15336485832
NA,NA,NA,13.6,NA,84.1398,NA,84.4226230621338
NA,NA,NA,9.9,NA,74.99655,NA,65.0548730665638
NA,NA,NA,12.1,NA,89.40675,NA,79.754770340458
NA,NA,NA,17.7,NA,122.1582,NA,116.067964488062
NA,NA,NA,25.2,NA,155.9937,NA,158.232818357406
NA,NA,NA,34.8,NA,187.05885,NA,211.135165405273
NA,NA,NA,30.2,NA,210.92985,NA,206.771256723712
NA,NA,NA,37,NA,204.3051,NA,241.353821818034
NA,NA,NA,41.1,NA,198.9177,NA,240.316476145098
NA,NA,NA,39.5,NA,183.29205,NA,207.751451061618
NA,NA,NA,30.2,NA,164.5566,NA,170.54897181193
NA,NA,NA,15.1,NA,128.87055,NA,106.834746822234
NA,NA,NA,14.3,NA,84.1398,NA,79.6169645945231
NA,NA,NA,8.1,NA,74.99655,NA,58.0237074821226
NA,NA,NA,12.5,NA,89.40675,NA,NA
NA,NA,NA,15.4,NA,122.1582,NA,NA
NA,NA,NA,25.1,NA,155.9937,NA,NA
NA,NA,NA,37.1,NA,187.05885,NA,NA
NA,NA,NA,39.3,NA,210.92985,NA,NA
NA,NA,NA,41.2,NA,204.3051,NA,NA
NA,NA,NA,41,NA,198.9177,NA,NA
NA,NA,NA,38.6,NA,183.29205,NA,NA
NA,NA,NA,30.4,NA,164.5566,NA,NA
NA,NA,NA,19.1,NA,128.87055,NA,NA
NA,NA,NA,14.7,NA,84.1398,NA,NA
NA,NA,NA,7.1,NA,74.99655,NA,NA
NA,NA,NA,12.1,NA,89.40675,NA,NA
NA,NA,NA,16.5,NA,122.1582,NA,NA
NA,NA,NA,25,NA,155.9937,NA,NA
NA,NA,NA,33.8,NA,187.05885,NA,NA
NA,NA,NA,35,NA,210.92985,NA,NA
NA,NA,NA,43.8,NA,204.3051,NA,NA
NA,NA,NA,42.9,NA,198.9177,NA,NA
NA,NA,NA,37.8,NA,183.29205,NA,NA
NA,NA,NA,30.7,NA,164.5566,NA,NA
NA,NA,NA,17.1,NA,128.87055,NA,NA
NA,NA,NA,12,NA,84.1398,NA,NA
NA,NA,NA,8.3,NA,74.99655,NA,NA
NA,NA,NA,10.9,NA,89.40675,NA,NA
NA,NA,NA,18.3,NA,122.1582,NA,NA
NA,NA,NA,25.1,NA,155.9937,NA,NA
NA,NA,NA,31,NA,187.05885,NA,NA
NA,NA,NA,43.7,NA,210.92985,NA,NA
NA,NA,NA,36.9,NA,204.3051,NA,NA
NA,NA,NA,34.6,NA,198.9177,NA,NA
NA,NA,NA,42.9,NA,183.29205,NA,NA
NA,NA,NA,33.5,NA,164.5566,NA,NA
NA,NA,NA,21.8,NA,128.87055,NA,NA
NA,NA,NA,14.4,NA,84.1398,NA,NA
NA,NA,NA,8.4,NA,74.99655,NA,NA
NA,NA,NA,13.4,NA,89.40675,NA,NA
NA,NA,NA,18.1,NA,122.1582,NA,NA
NA,NA,NA,27.6,NA,155.9937,NA,NA
NA,NA,NA,36.5,NA,187.05885,NA,NA
NA,NA,NA,36.8,NA,210.92985,NA,NA
NA,NA,NA,47.2,NA,204.3051,NA,NA
NA,NA,NA,43.7,NA,198.9177,NA,NA
NA,NA,NA,39.4,NA,183.29205,NA,NA
NA,NA,NA,29.5,NA,164.5566,NA,NA
NA,NA,NA,19.7,NA,128.87055,NA,NA
NA,NA,NA,13.7,NA,84.1398,NA,NA
NA,NA,NA,9.8,NA,74.99655,NA,NA
NA,NA,NA,9.6,NA,89.40675,NA,NA
NA,NA,NA,18.4,NA,122.1582,NA,NA
NA,NA,NA,24.8,NA,155.9937,NA,NA
NA,NA,NA,NA,NA,187.05885,NA,NA
NA,NA,NA,NA,NA,210.92985,NA,NA
NA,NA,NA,NA,NA,204.3051,NA,NA
NA,NA,NA,NA,NA,198.9177,NA,NA
NA,NA,NA,NA,NA,183.29205,NA,NA
NA,NA,NA,NA,NA,164.5566,NA,NA
NA,NA,NA,NA,NA,128.87055,NA,NA
NA,NA,NA,NA,NA,84.1398,NA,NA
NA,NA,NA,NA,NA,74.99655,NA,NA
