"year","month","HF_1","HF_2","PnET_1","PnET_2","PnET_3","Princeton"
1901,1,NA,NA,-0.5,-1.28,NA,1.2753116730721
1901,2,NA,NA,-0.8,0.339,NA,-0.893271963936919
1901,3,NA,NA,2.5,5.705,NA,7.5023860808342
1901,4,NA,NA,12.2,12.3685,NA,13.9109944661459
1901,5,NA,NA,17.8,19.211,NA,18.8067300119708
1901,6,NA,NA,24.9,23.1245,NA,24.1865193684896
1901,7,NA,NA,26.4,26.204,NA,27.6971020114038
1901,8,NA,NA,25,25.181,NA,26.8761427356351
1901,9,NA,NA,21.5,20.5955,NA,23.3834157307943
1901,10,NA,NA,15.4,14.671,NA,16.9059406895792
1901,11,NA,NA,7.4,8.2505,NA,9.19484659830731
1901,12,NA,NA,1,1.437,NA,-1.5554004300025
1902,1,NA,NA,-2.3,-1.28,NA,4.96838162329891
1902,2,NA,NA,-3.2,0.339,NA,0.90970873151509
1902,3,NA,NA,4,5.705,NA,3.88365005985385
1902,4,NA,NA,10.1,12.3685,NA,13.2004547119141
1902,5,NA,NA,17.4,19.211,NA,21.3146852554814
1902,6,NA,NA,25.2,23.1245,NA,26.2088287353516
1902,7,NA,NA,26.3,26.204,NA,26.7938092631679
1902,8,NA,NA,24.6,25.181,NA,27.2380684145036
1902,9,NA,NA,21.1,20.5955,NA,20.992046101888
1902,10,NA,NA,15.1,14.671,NA,18.2738438760081
1902,11,NA,NA,3.3,8.2505,NA,11.9276082356771
1902,12,NA,NA,1.7,1.437,NA,4.1693064043599
1903,1,NA,NA,-2.3,-1.28,NA,4.52398760395668
1903,2,NA,NA,-0.3,0.339,NA,5.09618203299388
1903,3,NA,NA,8.2,5.705,NA,8.3906691028226
1903,4,NA,NA,11.6,12.3685,NA,16.9723958333334
1903,5,NA,NA,18.3,19.211,NA,24.5576160061744
1903,6,NA,NA,21.8,23.1245,NA,27.4168690999349
1903,7,NA,NA,23.4,26.204,NA,30.370011655746
1903,8,NA,NA,23.9,25.181,NA,28.5261947139617
1903,9,NA,NA,19.7,20.5955,NA,23.6455627441406
1903,10,NA,NA,14.4,14.671,NA,19.6062797300277
1903,11,NA,NA,10.1,8.2505,NA,10.0377543131511
1903,12,NA,NA,-1.8,1.437,NA,4.24848672190022
1904,1,NA,NA,-1.2,-1.28,NA,1.88327302009831
1904,2,NA,NA,1.1,0.339,NA,4.94752049939388
1904,3,NA,NA,9.1,5.705,NA,2.84431191721272
1904,4,NA,NA,11.3,12.3685,NA,15.4424184163412
1904,5,NA,NA,20.7,19.211,NA,23.5478198635963
1904,6,NA,NA,18.1,23.1245,NA,26.4805409749349
1904,7,NA,NA,26.1,26.204,NA,26.9654253559728
1904,8,NA,NA,20.9,25.181,NA,27.5588150516633
1904,9,NA,NA,22.4,20.5955,NA,23.1575775146485
1904,10,NA,NA,13.6,14.671,NA,16.8409421859249
1904,11,NA,NA,5.9,8.2505,NA,11.2825052897136
1904,12,NA,NA,-1.2,1.437,NA,-0.0856079101562273
1905,1,NA,NA,-5.2,-1.28,NA,-0.915014648437477
1905,2,NA,NA,-2.7,0.339,NA,2.20297175816129
1905,3,NA,NA,3.5,5.705,NA,7.47408053490426
1905,4,NA,NA,10.6,12.3685,NA,13.7474009195964
1905,5,NA,NA,21,19.211,NA,23.0654796969506
1905,6,NA,NA,21.7,23.1245,NA,25.1560689290365
1905,7,NA,NA,25.3,26.204,NA,26.5827969458796
1905,8,NA,NA,23.6,25.181,NA,26.6184336016255
1905,9,NA,NA,19.5,20.5955,NA,23.0015502929688
1905,10,NA,NA,12.9,14.671,NA,17.2151516822077
1905,11,NA,NA,5,8.2505,NA,8.46447753906252
1905,12,NA,NA,-2.6,1.437,NA,4.43982898342996
1906,1,NA,NA,-3.1,-1.28,NA,-4.78947517641127
1906,2,NA,NA,-2.8,0.339,NA,4.37225603376118
1906,3,NA,NA,5,5.705,NA,5.51332023374498
1906,4,NA,NA,12.2,12.3685,NA,14.9138814290365
1906,5,NA,NA,18.3,19.211,NA,23.087045780305
1906,6,NA,NA,22.6,23.1245,NA,26.124203491211
1906,7,NA,NA,26.3,26.204,NA,28.4231299615676
1906,8,NA,NA,23.2,25.181,NA,28.2214225522934
1906,9,NA,NA,19.2,20.5955,NA,24.9659545898438
1906,10,NA,NA,15,14.671,NA,19.1273998629663
1906,11,NA,NA,6.6,8.2505,NA,10.4124440511068
1906,12,NA,NA,2.1,1.437,NA,-0.0995396767892918
1907,1,NA,NA,1.7,-1.28,NA,1.96494002803682
1907,2,NA,NA,0.3,0.339,NA,2.18915819440571
1907,3,NA,NA,0.7,5.705,NA,7.80094939201111
1907,4,NA,NA,13,12.3685,NA,17.2595316569011
1907,5,NA,NA,18.8,19.211,NA,20.2582375803302
1907,6,NA,NA,23.2,23.1245,NA,27.7241190592448
1907,7,NA,NA,25.2,26.204,NA,29.3184635285408
1907,8,NA,NA,26.1,25.181,NA,29.0574023831275
1907,9,NA,NA,21.8,20.5955,NA,20.9423970540365
1907,10,NA,NA,13.8,14.671,NA,14.3896826959426
1907,11,NA,NA,5.9,8.2505,NA,9.46879170735679
1907,12,NA,NA,-1.3,1.437,NA,3.73509836504539
1908,1,NA,NA,-2.1,-1.28,NA,2.11030312815022
1908,2,NA,NA,-3.7,0.339,NA,0.94800562365304
1908,3,NA,NA,5.8,5.705,NA,7.30053888136343
1908,4,NA,NA,9.2,12.3685,NA,15.9892323811849
1908,5,NA,NA,15.6,19.211,NA,21.8697842505671
1908,6,NA,NA,23.6,23.1245,NA,26.404242960612
1908,7,NA,NA,25.9,26.204,NA,30.0957560877646
1908,8,NA,NA,24.3,25.181,NA,28.625150422127
1908,9,NA,NA,19.3,20.5955,NA,25.1316202799479
1908,10,NA,NA,12.8,14.671,NA,17.5893188476563
1908,11,NA,NA,6.8,8.2505,NA,8.22694905598961
1908,12,NA,NA,2.8,1.437,NA,-0.224074037613385
1909,1,NA,NA,-0.2,-1.28,NA,1.76836055632563
1909,2,NA,NA,-1.8,0.339,NA,1.09541364397324
1909,3,NA,NA,5.3,5.705,NA,6.47254776493198
1909,4,NA,NA,11.7,12.3685,NA,17.6410827636719
1909,5,NA,NA,19.3,19.211,NA,20.3677691059728
1909,6,NA,NA,25.3,23.1245,NA,27.669482421875
1909,7,NA,NA,27.1,26.204,NA,30.0249631820187
1909,8,NA,NA,23.1,25.181,NA,29.5416129819809
1909,9,NA,NA,22.8,20.5955,NA,22.8715708414714
1909,10,NA,NA,16.2,14.671,NA,14.3896826959426
1909,11,NA,NA,5.9,8.2505,NA,10.4308919270834
1909,12,NA,NA,0.9,1.437,NA,3.58880398658016
1910,1,NA,NA,-0.6,-1.28,NA,-2.51944186302921
1910,2,NA,NA,1.6,0.339,NA,5.64261125837056
1910,3,NA,NA,2.6,5.705,NA,9.30060779202371
1910,4,NA,NA,12.3,12.3685,NA,16.6398895263672
1910,5,NA,NA,17.1,19.211,NA,21.1072690902218
1910,6,NA,NA,24.5,23.1245,NA,27.4578063964844
1910,7,NA,NA,25.1,26.204,NA,28.7174109674269
1910,8,NA,NA,24.2,25.181,NA,26.0527154737903
1910,9,NA,NA,20.1,20.5955,NA,24.1081848144531
1910,10,NA,NA,13.9,14.671,NA,17.848764530305
1910,11,NA,NA,9.6,8.2505,NA,10.4259012858073
1910,12,NA,NA,-1.4,1.437,NA,6.295306593372
1911,1,NA,NA,0.2,-1.28,NA,3.70052391790577
1911,2,NA,NA,-0.4,0.339,NA,5.49790562220984
1911,3,NA,NA,8.2,5.705,NA,9.04589430286041
1911,4,NA,NA,14,12.3685,NA,15.8475941975912
1911,5,NA,NA,16.9,19.211,NA,23.2835061350177
1911,6,NA,NA,21.9,23.1245,NA,26.5171488444011
1911,7,NA,NA,27.7,26.204,NA,29.1039180632561
1911,8,NA,NA,23.4,25.181,NA,27.3103832614038
1911,9,NA,NA,20.6,20.5955,NA,23.9425048828125
1911,10,NA,NA,15.8,14.671,NA,17.9433070028982
1911,11,NA,NA,4.8,8.2505,NA,10.7357666015625
1911,12,NA,NA,-1.4,1.437,NA,5.27910471270164
1912,1,NA,NA,0.8,-1.28,NA,2.18881402784781
1912,2,NA,NA,-1.8,0.339,NA,2.20646951609647
1912,3,NA,NA,3.8,5.705,NA,7.91999157321071
1912,4,NA,NA,11.7,12.3685,NA,13.996810913086
1912,5,NA,NA,22.6,19.211,NA,22.4699390042213
1912,6,NA,NA,21.1,23.1245,NA,26.720746866862
1912,7,NA,NA,29.2,26.204,NA,29.0480384088332
1912,8,NA,NA,23.6,25.181,NA,24.0056721348917
1912,9,NA,NA,19.6,20.5955,NA,21.4725158691406
1912,10,NA,NA,13.5,14.671,NA,16.7803264002646
1912,11,NA,NA,6.9,8.2505,NA,10.0654266357422
1912,12,NA,NA,3.8,1.437,NA,1.35720017956151
1913,1,NA,NA,-6.5,-1.28,NA,4.60865813224549
1913,2,NA,NA,-0.3,0.339,NA,1.55746939522882
1913,3,NA,NA,3.4,5.705,NA,4.63120176253782
1913,4,NA,NA,12.2,12.3685,NA,12.830355834961
1913,5,NA,NA,18.6,19.211,NA,20.9335128291961
1913,6,NA,NA,23.5,23.1245,NA,27.6086120605469
1913,7,NA,NA,26.3,26.204,NA,29.2643676757813
1913,8,NA,NA,22.5,25.181,NA,28.1027436287173
1913,9,NA,NA,19.9,20.5955,NA,21.7690460205078
1913,10,NA,NA,16.3,14.671,NA,16.6980677450857
1913,11,NA,NA,7.8,8.2505,NA,11.1286722819011
1913,12,NA,NA,2.8,1.437,NA,3.75868845293601
1914,1,NA,NA,3.7,-1.28,NA,-0.00235891034523936
1914,2,NA,NA,-2.4,0.339,NA,0.902492414202032
1914,3,NA,NA,7.8,5.705,NA,6.87967194587956
1914,4,NA,NA,11.7,12.3685,NA,14.4874857584636
1914,5,NA,NA,17,19.211,NA,22.5352722167969
1914,6,NA,NA,24.3,23.1245,NA,26.8345672607422
1914,7,NA,NA,27,26.204,NA,25.6289306640625
1914,8,NA,NA,24.9,25.181,NA,25.9492313508065
1914,9,NA,NA,19.2,20.5955,NA,23.3218017578125
1914,10,NA,NA,15.2,14.671,NA,17.1380258867818
1914,11,NA,NA,8.9,8.2505,NA,9.1442565917969
1914,12,NA,NA,2.7,1.437,NA,0.158443130985406
1915,1,NA,NA,-2.7,-1.28,NA,-4.09037948116177
1915,2,NA,NA,-2.8,0.339,NA,1.25168326241632
1915,3,NA,NA,4.2,5.705,NA,11.1806648500504
1915,4,NA,NA,10.3,12.3685,NA,16.7365865071615
1915,5,NA,NA,20.9,19.211,NA,23.5114084551412
1915,6,NA,NA,22.6,23.1245,NA,25.9629109700521
1915,7,NA,NA,23.6,26.204,NA,27.3276995258947
1915,8,NA,NA,24.6,25.181,NA,26.4168384182838
1915,9,NA,NA,21.6,20.5955,NA,23.1602915445964
1915,10,NA,NA,16.5,14.671,NA,17.0208147602697
1915,11,NA,NA,6.8,8.2505,NA,11.5374877929688
1915,12,NA,NA,-0.9,1.437,NA,1.13123818674397
1916,1,NA,NA,0.3,-1.28,NA,2.66067091418853
1916,2,NA,NA,1.6,0.339,NA,3.03448823073817
1916,3,NA,NA,3.6,5.705,NA,4.58166681105093
1916,4,NA,NA,15,12.3685,NA,11.7955220540365
1916,5,NA,NA,16.3,19.211,NA,18.4779483918221
1916,6,NA,NA,22.7,23.1245,NA,25.527592976888
1916,7,NA,NA,24.3,26.204,NA,25.8208507907006
1916,8,NA,NA,22.8,25.181,NA,27.0070099861391
1916,9,NA,NA,22.8,20.5955,NA,21.1784138997396
1916,10,NA,NA,14.4,14.671,NA,18.0331241730721
1916,11,NA,NA,8.1,8.2505,NA,10.1773793538412
1916,12,NA,NA,0,1.437,NA,3.26306427986393
1917,1,NA,NA,0.8,-1.28,NA,0.621531628024216
1917,2,NA,NA,-3,0.339,NA,2.92357134137837
1917,3,NA,NA,1.3,5.705,NA,5.35553451045869
1917,4,NA,NA,11.2,12.3685,NA,15.5840677897136
1917,5,NA,NA,18.4,19.211,NA,19.5509779407132
1917,6,NA,NA,19.8,23.1245,NA,25.6200327555339
1917,7,NA,NA,26.6,26.204,NA,26.5901457755797
1917,8,NA,NA,25.7,25.181,NA,28.5452839512979
1917,9,NA,NA,20.3,20.5955,NA,25.3543711344401
1917,10,NA,NA,15.9,14.671,NA,16.8725623346144
1917,11,NA,NA,6.3,8.2505,NA,10.9475158691406
1917,12,NA,NA,-0.4,1.437,NA,2.33118837418097
1918,1,NA,NA,-1.2,-1.28,NA,2.95516652753278
1918,2,NA,NA,-1.8,0.339,NA,3.46705235072547
1918,3,NA,NA,4.1,5.705,NA,12.3487980011971
1918,4,NA,NA,9.4,12.3685,NA,17.4437805175781
1918,5,NA,NA,13.6,19.211,NA,21.3248830487651
1918,6,NA,NA,23.7,23.1245,NA,28.1695841471354
1918,7,NA,NA,26.4,26.204,NA,29.7662302324849
1918,8,NA,NA,25.9,25.181,NA,31.1118152249244
1918,9,NA,NA,18.8,20.5955,NA,22.3074991861979
1918,10,NA,NA,12.8,14.671,NA,17.9129567792339
1918,11,NA,NA,5.9,8.2505,NA,9.59800516764325
1918,12,NA,NA,-3.8,1.437,NA,4.00681802072835
1919,1,NA,NA,-5.4,-1.28,NA,0.172577691847301
1919,2,NA,NA,0.1,0.339,NA,-0.545703996930781
1919,3,NA,NA,5.6,5.705,NA,6.27265861265123
1919,4,NA,NA,12.4,12.3685,NA,15.4674489339193
1919,5,NA,NA,21.8,19.211,NA,23.3410691784274
1919,6,NA,NA,20.4,23.1245,NA,26.6331654866537
1919,7,NA,NA,25.9,26.204,NA,29.4934847924017
1919,8,NA,NA,25.8,25.181,NA,28.8337557884955
1919,9,NA,NA,18,20.5955,NA,25.1752461751302
1919,10,NA,NA,16.7,14.671,NA,17.2441325526084
1919,11,NA,NA,7.4,8.2505,NA,8.98422037760419
1919,12,NA,NA,0.8,1.437,NA,4.13016613375758
1920,1,NA,NA,0.5,-1.28,NA,2.56128599105345
1920,2,NA,NA,0.9,0.339,NA,1.68041592301996
1920,3,NA,NA,6.5,5.705,NA,9.17242313508067
1920,4,NA,NA,11,12.3685,NA,13.300277709961
1920,5,NA,NA,19,19.211,NA,23.3851227791079
1920,6,NA,NA,24.9,23.1245,NA,25.240625
1920,7,NA,NA,26.1,26.204,NA,28.201311468309
1920,8,NA,NA,22.9,25.181,NA,24.0056721348917
1920,9,NA,NA,20.3,20.5955,NA,22.0862325032552
1920,10,NA,NA,14.9,14.671,NA,16.2901097451487
1920,11,NA,NA,6.7,8.2505,NA,8.9329783121745
1920,12,NA,NA,-1.2,1.437,NA,0.917148516255063
1921,1,NA,NA,-4.8,-1.28,NA,1.58716391286545
1921,2,NA,NA,-0.8,0.339,NA,-0.736941310337589
1921,3,NA,NA,6.2,5.705,NA,8.95417421402472
1921,4,NA,NA,8.9,12.3685,NA,15.9547454833985
1921,5,NA,NA,17.7,19.211,NA,20.1967712402344
1921,6,NA,NA,22.4,23.1245,NA,24.3478993733724
1921,7,NA,NA,25.2,26.204,NA,26.9929768223917
1921,8,NA,NA,25.9,25.181,NA,27.7411693942163
1921,9,NA,NA,21,20.5955,NA,23.4936747233073
1921,10,NA,NA,17.8,14.671,NA,16.8019948651714
1921,11,NA,NA,4.4,8.2505,NA,8.11938883463544
1921,12,NA,NA,1.9,1.437,NA,-1.95787314138103
1922,1,NA,NA,0.3,-1.28,NA,4.39866766160537
1922,2,NA,NA,1,0.339,NA,4.33098972865516
1922,3,NA,NA,9.9,5.705,NA,8.00639569682462
1922,4,NA,NA,13.7,12.3685,NA,16.1487477620443
1922,5,NA,NA,18.2,19.211,NA,22.9496408770162
1922,6,NA,NA,24.2,23.1245,NA,23.4622884114584
1922,7,NA,NA,26.4,26.204,NA,27.7700114588584
1922,8,NA,NA,23.8,25.181,NA,25.8419571415071
1922,9,NA,NA,23.1,20.5955,NA,23.6191965738933
1922,10,NA,NA,14.6,14.671,NA,18.5454099593624
1922,11,NA,NA,4.5,8.2505,NA,6.99275105794273
1922,12,NA,NA,0.3,1.437,NA,2.20687551190778
1923,1,NA,NA,-2.4,-1.28,NA,0.225498125630063
1923,2,NA,NA,0.7,0.339,NA,0.642142595563639
1923,3,NA,NA,5.2,5.705,NA,6.62928407730597
1923,4,NA,NA,12,12.3685,NA,16.2361358642578
1923,5,NA,NA,20.8,19.211,NA,24.4148272114416
1923,6,NA,NA,22.4,23.1245,NA,26.9135314941406
1923,7,NA,NA,25.4,26.204,NA,29.4934847924017
1923,8,NA,NA,24,25.181,NA,30.0361641176286
1923,9,NA,NA,21.7,20.5955,NA,25.0624084472656
1923,10,NA,NA,14.8,14.671,NA,18.6481547694053
1923,11,NA,NA,6.7,8.2505,NA,10.4642008463542
1923,12,NA,NA,-0.8,1.437,NA,3.49565252488662
1924,1,NA,NA,-3.1,-1.28,NA,2.81464095577119
1924,2,NA,NA,-3.3,0.339,NA,3.97821276434539
1924,3,NA,NA,2.9,5.705,NA,3.15643586189518
1924,4,NA,NA,12.7,12.3685,NA,12.2375427246094
1924,5,NA,NA,18.4,19.211,NA,17.9965207992062
1924,6,NA,NA,24.7,23.1245,NA,27.2408365885417
1924,7,NA,NA,24,26.204,NA,27.8731293709048
1924,8,NA,NA,25,25.181,NA,27.4453516806326
1924,9,NA,NA,21,20.5955,NA,21.2328633626302
1924,10,NA,NA,15.1,14.671,NA,18.6769298922631
1924,11,NA,NA,7.6,8.2505,NA,10.6636383056641
1924,12,NA,NA,4,1.437,NA,4.00524193548389
1925,1,NA,NA,-0.6,-1.28,NA,5.30317225302422
1925,2,NA,NA,-2.7,0.339,NA,4.66481606619701
1925,3,NA,NA,4.1,5.705,NA,8.65627244518651
1925,4,NA,NA,10.8,12.3685,NA,17.0819559733073
1925,5,NA,NA,15.9,19.211,NA,22.4321661180066
1925,6,NA,NA,23.4,23.1245,NA,28.6537099202474
1925,7,NA,NA,26.7,26.204,NA,29.9491447202621
1925,8,NA,NA,25,25.181,NA,29.5191520444809
1925,9,NA,NA,19.1,20.5955,NA,21.742729695638
1925,10,NA,NA,15.9,14.671,NA,18.8957212386593
1925,11,NA,NA,7.7,8.2505,NA,9.19161275227867
1925,12,NA,NA,-1,1.437,NA,2.7126659762475
1926,1,NA,NA,-2.7,-1.28,NA,1.60603066721272
1926,2,NA,NA,4.3,0.339,NA,0.801280866350469
1926,3,NA,NA,6.9,5.705,NA,8.36204853673137
1926,4,NA,NA,12.8,12.3685,NA,16.9652008056641
1926,5,NA,NA,17,19.211,NA,24.5718893727949
1926,6,NA,NA,25.9,23.1245,NA,25.5984415690104
1926,7,NA,NA,24.4,26.204,NA,29.0004782399824
1926,8,NA,NA,25.4,25.181,NA,25.918849625126
1926,9,NA,NA,19.9,20.5955,NA,22.918788655599
1926,10,NA,NA,10.5,14.671,NA,17.6083785518523
1926,11,NA,NA,8.6,8.2505,NA,8.43238627115888
1926,12,NA,NA,0.3,1.437,NA,4.85540653351817
1927,1,NA,NA,-0.4,-1.28,NA,-2.71844403666832
1927,2,NA,NA,-1.4,0.339,NA,4.05569937569757
1927,3,NA,NA,2.2,5.705,NA,9.02558534683722
1927,4,NA,NA,10,12.3685,NA,17.0660085042318
1927,5,NA,NA,18.7,19.211,NA,21.051644405242
1927,6,NA,NA,21.4,23.1245,NA,28.2102111816406
1927,7,NA,NA,26.2,26.204,NA,26.9274427844632
1927,8,NA,NA,23.9,25.181,NA,25.131250984438
1927,9,NA,NA,20,20.5955,NA,24.3814961751302
1927,10,NA,NA,13.8,14.671,NA,17.6242467080393
1927,11,NA,NA,8,8.2505,NA,11.4201253255209
1927,12,NA,NA,-2.2,1.437,NA,5.99336173765123
1928,1,NA,NA,-0.7,-1.28,NA,1.5572458574849
1928,2,NA,NA,1,0.339,NA,0.0726162614493762
1928,3,NA,NA,7,5.705,NA,4.59617250504035
1928,4,NA,NA,12.3,12.3685,NA,12.1545908610026
1928,5,NA,NA,15.7,19.211,NA,20.9287816201487
1928,6,NA,NA,22.6,23.1245,NA,23.6318359375
1928,7,NA,NA,25.4,26.204,NA,27.8967893538937
1928,8,NA,NA,22.5,25.181,NA,25.3799259308846
1928,9,NA,NA,21.7,20.5955,NA,21.9362894694011
1928,10,NA,NA,16.7,14.671,NA,15.0653054514239
1928,11,NA,NA,9.8,8.2505,NA,7.33863220214846
1928,12,NA,NA,1.9,1.437,NA,2.80522480626262
1929,1,NA,NA,-0.2,-1.28,NA,0.470767901020688
1929,2,NA,NA,0.2,0.339,NA,1.97506430489679
1929,3,NA,NA,3.7,5.705,NA,7.76581676852321
1929,4,NA,NA,11.2,12.3685,NA,12.1873311360677
1929,5,NA,NA,17,19.211,NA,20.7352617817541
1929,6,NA,NA,21.4,23.1245,NA,26.7217753092448
1929,7,NA,NA,26.4,26.204,NA,29.3352974184098
1929,8,NA,NA,25.7,25.181,NA,27.542135718561
1929,9,NA,NA,18.6,20.5955,NA,22.4743896484375
1929,10,NA,NA,16.6,14.671,NA,16.8095140026462
1929,11,NA,NA,7.5,8.2505,NA,11.1638956705729
1929,12,NA,NA,3.1,1.437,NA,1.43252937563006
1930,1,NA,NA,-2.1,-1.28,NA,4.31272819272936
1930,2,NA,NA,0.5,0.339,NA,4.93193860735214
1930,3,NA,NA,6.4,5.705,NA,8.86550096081151
1930,4,NA,NA,10.6,12.3685,NA,15.7421264648438
1930,5,NA,NA,20.2,19.211,NA,20.5738405289189
1930,6,NA,NA,23.7,23.1245,NA,26.7690958658854
1930,7,NA,NA,26.2,26.204,NA,28.7190638388357
1930,8,NA,NA,23.8,25.181,NA,28.9448318973665
1930,9,NA,NA,21.7,20.5955,NA,24.0511515299479
1930,10,NA,NA,13.4,14.671,NA,20.3843116021926
1930,11,NA,NA,7.1,8.2505,NA,10.5191528320313
1930,12,NA,NA,-0.5,1.437,NA,5.16937334614418
1931,1,NA,NA,-0.4,-1.28,NA,-2.96873739919353
1931,2,NA,NA,2.4,0.339,NA,1.94649767194478
1931,3,NA,NA,4.1,5.705,NA,5.78602826518399
1931,4,NA,NA,12.2,12.3685,NA,14.2610015869141
1931,5,NA,NA,19.4,19.211,NA,23.0354188980595
1931,6,NA,NA,25.6,23.1245,NA,24.5218546549479
1931,7,NA,NA,24.9,26.204,NA,27.9260291314894
1931,8,NA,NA,24.3,25.181,NA,25.9554854854461
1931,9,NA,NA,23,20.5955,NA,23.3336212158203
1931,10,NA,NA,13.4,14.671,NA,17.7977096065398
1931,11,NA,NA,7.9,8.2505,NA,11.6953389485677
1931,12,NA,NA,0.1,1.437,NA,6.34683207850305
1932,1,NA,NA,-1.2,-1.28,NA,0.090913637222805
1932,2,NA,NA,0.2,0.339,NA,4.31992019127157
1932,3,NA,NA,4.5,5.705,NA,2.57668457031252
1932,4,NA,NA,13.9,12.3685,NA,15.7114084879558
1932,5,NA,NA,18.8,19.211,NA,24.2122662944179
1932,6,NA,NA,23,23.1245,NA,26.5875315348308
1932,7,NA,NA,26.5,26.204,NA,27.7178342757687
1932,8,NA,NA,24.4,25.181,NA,28.159079077936
1932,9,NA,NA,22.3,20.5955,NA,23.9242350260417
1932,10,NA,NA,16.2,14.671,NA,15.5887478736139
1932,11,NA,NA,9.8,8.2505,NA,10.9230723063151
1932,12,NA,NA,1.9,1.437,NA,-0.0856079101562273
1933,1,NA,NA,2.5,-1.28,NA,2.5109073761971
1933,2,NA,NA,-1.2,0.339,NA,3.0177671160017
1933,3,NA,NA,2.8,5.705,NA,5.47424493605093
1933,4,NA,NA,11.7,12.3685,NA,11.9853576660156
1933,5,NA,NA,20.1,19.211,NA,25.4903001354587
1933,6,NA,NA,22.9,23.1245,NA,27.7093912760417
1933,7,NA,NA,25.1,26.204,NA,31.6215936476185
1933,8,NA,NA,26,25.181,NA,28.2428340788811
1933,9,NA,NA,20.7,20.5955,NA,21.3345489501953
1933,10,NA,NA,14.8,14.671,NA,18.7227082283266
1933,11,NA,NA,7,8.2505,NA,12.9577901204427
1933,12,NA,NA,3,1.437,NA,2.54170945690526
1934,1,NA,NA,2.3,-1.28,NA,-3.95609918409776
1934,2,NA,NA,1.5,0.339,NA,3.47273624965125
1934,3,NA,NA,1.8,5.705,NA,7.47792279643399
1934,4,NA,NA,10.9,12.3685,NA,14.4855224609375
1934,5,NA,NA,20.8,19.211,NA,23.5165295016381
1934,6,NA,NA,24.5,23.1245,NA,24.6829844156901
1934,7,NA,NA,25.4,26.204,NA,29.0543260143649
1934,8,NA,NA,24.5,25.181,NA,26.5562594506049
1934,9,NA,NA,20.6,20.5955,NA,21.9569956461589
1934,10,NA,NA,14.1,14.671,NA,16.5479261829007
1934,11,NA,NA,5.1,8.2505,NA,11.0758270263672
1934,12,NA,NA,-1.6,1.437,NA,5.88499578660537
1935,1,NA,NA,-0.2,-1.28,NA,-3.24300478043092
1935,2,NA,NA,-5.1,0.339,NA,2.31490369524277
1935,3,NA,NA,5.3,5.705,NA,7.15045540102069
1935,4,NA,NA,13.1,12.3685,NA,13.3068044026693
1935,5,NA,NA,20.5,19.211,NA,23.4096146122102
1935,6,NA,NA,23.6,23.1245,NA,23.9310567220052
1935,7,NA,NA,26.9,26.204,NA,28.3021277643019
1935,8,NA,NA,23,25.181,NA,26.4470321163055
1935,9,NA,NA,21.1,20.5955,NA,23.2785522460938
1935,10,NA,NA,12.2,14.671,NA,18.5584409652218
1935,11,NA,NA,9.4,8.2505,NA,10.5595713297526
1935,12,NA,NA,-0.8,1.437,NA,5.2692091418851
1936,1,NA,NA,-3.2,-1.28,NA,2.39813212733117
1936,2,NA,NA,0.6,0.339,NA,4.54021922144399
1936,3,NA,NA,6.1,5.705,NA,6.6653026949975
1936,4,NA,NA,10.3,12.3685,NA,15.2425740559896
1936,5,NA,NA,17.8,19.211,NA,21.0068367250504
1936,6,NA,NA,22.6,23.1245,NA,26.7582834879558
1936,7,NA,NA,27,26.204,NA,30.4540176883821
1936,8,NA,NA,25.4,25.181,NA,27.8552559145036
1936,9,NA,NA,19,20.5955,NA,23.9776082356771
1936,10,NA,NA,15.8,14.671,NA,15.976709968813
1936,11,NA,NA,8.3,8.2505,NA,10.1650736490886
1936,12,NA,NA,-2.3,1.437,NA,4.14080298639115
1937,1,NA,NA,-1.3,-1.28,NA,-1.19739675214211
1937,2,NA,NA,-3,0.339,NA,-2.12713797433033
1937,3,NA,NA,8.6,5.705,NA,6.65656679214972
1937,4,NA,NA,9.4,12.3685,NA,13.5596262613933
1937,5,NA,NA,21.5,19.211,NA,21.8394704511089
1937,6,NA,NA,22.3,23.1245,NA,25.1684234619141
1937,7,NA,NA,25.6,26.204,NA,28.5050539078251
1937,8,NA,NA,24.8,25.181,NA,25.2837394468246
1937,9,NA,NA,20.1,20.5955,NA,21.8156392415365
1937,10,NA,NA,14.5,14.671,NA,19.8108370873236
1937,11,NA,NA,5.5,8.2505,NA,12.8038126627604
1937,12,NA,NA,2.8,1.437,NA,-2.31297764931953
1938,1,NA,NA,2.5,-1.28,NA,3.69737666960688
1938,2,NA,NA,1.5,0.339,NA,2.14773058210103
1938,3,NA,NA,2.2,5.705,NA,7.75336953440022
1938,4,NA,NA,11.2,12.3685,NA,13.3541290283203
1938,5,NA,NA,20,19.211,NA,25.3840654926916
1938,6,NA,NA,22.7,23.1245,NA,27.387846883138
1938,7,NA,NA,26.8,26.204,NA,29.8437763829385
1938,8,NA,NA,26.6,25.181,NA,28.1879664267263
1938,9,NA,NA,19.8,20.5955,NA,21.4981170654297
1938,10,NA,NA,13.5,14.671,NA,19.1705143097908
1938,11,NA,NA,8,8.2505,NA,13.334809366862
1938,12,NA,NA,-0.3,1.437,NA,1.47791885868198
1939,1,NA,NA,-1.3,-1.28,NA,4.81421666299145
1939,2,NA,NA,1.3,0.339,NA,1.55746939522882
1939,3,NA,NA,6.5,5.705,NA,3.83024922032512
1939,4,NA,NA,13.4,12.3685,NA,12.1959055582683
1939,5,NA,NA,17.2,19.211,NA,22.0225847798009
1939,6,NA,NA,24.3,23.1245,NA,26.2626637776693
1939,7,NA,NA,24.8,26.204,NA,28.8884157242314
1939,8,NA,NA,26.6,25.181,NA,26.9138122558594
1939,9,NA,NA,18.8,20.5955,NA,22.3795511881511
1939,10,NA,NA,16.9,14.671,NA,18.2195068359375
1939,11,NA,NA,9,8.2505,NA,11.5015096028646
1939,12,NA,NA,0.6,1.437,NA,3.04010088520668
1940,1,NA,NA,-1.4,-1.28,NA,2.86380969632059
1940,2,NA,NA,1.9,0.339,NA,3.59519400761048
1940,3,NA,NA,1.8,5.705,NA,5.94114911479337
1940,4,NA,NA,9.6,12.3685,NA,15.6869669596354
1940,5,NA,NA,20.4,19.211,NA,19.251356358682
1940,6,NA,NA,23.5,23.1245,NA,26.4920420328776
1940,7,NA,NA,26.5,26.204,NA,29.818018562563
1940,8,NA,NA,26.5,25.181,NA,28.6242910077495
1940,9,NA,NA,20.8,20.5955,NA,24.7590209960938
1940,10,NA,NA,14.3,14.671,NA,16.5769582440776
1940,11,NA,NA,6.2,8.2505,NA,8.79727376302086
1940,12,NA,NA,1.2,1.437,NA,3.92730200982865
1941,1,NA,NA,-4.6,-1.28,NA,3.04502209078883
1941,2,NA,NA,1,0.339,NA,4.01935838971821
1941,3,NA,NA,2,5.705,NA,7.15355047410537
1941,4,NA,NA,9.7,12.3685,NA,16.6924936930339
1941,5,NA,NA,18.3,19.211,NA,22.4029204337828
1941,6,NA,NA,22.7,23.1245,NA,24.7364603678386
1941,7,NA,NA,26.3,26.204,NA,27.8240915606099
1941,8,NA,NA,24.3,25.181,NA,27.1375474499118
1941,9,NA,NA,20,20.5955,NA,25.416997273763
1941,10,NA,NA,12.8,14.671,NA,18.26796382781
1941,11,NA,NA,7,8.2505,NA,8.20778096516929
1941,12,NA,NA,1.7,1.437,NA,1.67354736328127
1942,1,NA,NA,-3.2,-1.28,NA,4.36815599010839
1942,2,NA,NA,0.3,0.339,NA,3.69424264090404
1942,3,NA,NA,2.3,5.705,NA,6.74394255607361
1942,4,NA,NA,17,12.3685,NA,16.5889282226563
1942,5,NA,NA,19.3,19.211,NA,21.0897726735761
1942,6,NA,NA,23.9,23.1245,NA,27.2555389404297
1942,7,NA,NA,25.8,26.204,NA,29.5282738470262
1942,8,NA,NA,24.5,25.181,NA,28.3607018255419
1942,9,NA,NA,22.9,20.5955,NA,22.7213297526042
1942,10,NA,NA,14.2,14.671,NA,20.4808131064138
1942,11,NA,NA,10,8.2505,NA,9.08584493001304
1942,12,NA,NA,2,1.437,NA,2.76385675245718
1943,1,NA,NA,-1.7,-1.28,NA,4.14615734469508
1943,2,NA,NA,-1.4,0.339,NA,1.28756975446431
1943,3,NA,NA,6.8,5.705,NA,3.24288526965728
1943,4,NA,NA,14.1,12.3685,NA,12.301644897461
1943,5,NA,NA,19.6,19.211,NA,20.1167088662425
1943,6,NA,NA,22.7,23.1245,NA,25.8857981363933
1943,7,NA,NA,25,26.204,NA,27.4383021200857
1943,8,NA,NA,24.5,25.181,NA,26.2112601987777
1943,9,NA,NA,21.2,20.5955,NA,21.9910471598308
1943,10,NA,NA,15.6,14.671,NA,17.5674584173387
1943,11,NA,NA,7.4,8.2505,NA,10.8623606363933
1943,12,NA,NA,-1.6,1.437,NA,3.96399595199095
1944,1,NA,NA,-3,-1.28,NA,2.14745680286041
1944,2,NA,NA,1.6,0.339,NA,3.19177582839442
1944,3,NA,NA,3.1,5.705,NA,2.74922406596524
1944,4,NA,NA,9.3,12.3685,NA,11.7402720133464
1944,5,NA,NA,18.8,19.211,NA,19.8152513073337
1944,6,NA,NA,25.7,23.1245,NA,25.9023651123047
1944,7,NA,NA,25.9,26.204,NA,27.0090143019153
1944,8,NA,NA,24,25.181,NA,27.3905529391381
1944,9,NA,NA,20.2,20.5955,NA,20.4705790201823
1944,10,NA,NA,14.1,14.671,NA,17.2283667779738
1944,11,NA,NA,7.2,8.2505,NA,9.31291198730471
1944,12,NA,NA,-0.1,1.437,NA,3.75784675844256
1945,1,NA,NA,-0.5,-1.28,NA,2.11236946352069
1945,2,NA,NA,-0.1,0.339,NA,1.14749407087056
1945,3,NA,NA,3,5.705,NA,8.05641302293349
1945,4,NA,NA,10.2,12.3685,NA,17.2595316569011
1945,5,NA,NA,23.1,19.211,NA,19.0533760316911
1945,6,NA,NA,22,23.1245,NA,26.1942799886068
1945,7,NA,NA,27.2,26.204,NA,27.6880766837828
1945,8,NA,NA,26.7,25.181,NA,27.9813673450101
1945,9,NA,NA,19.9,20.5955,NA,22.044780476888
1945,10,NA,NA,14.4,14.671,NA,14.1173526886971
1945,11,NA,NA,6.8,8.2505,NA,9.52224019368492
1945,12,NA,NA,-0.1,1.437,NA,3.1987007387223
1946,1,NA,NA,-3.7,-1.28,NA,0.134109792401736
1946,2,NA,NA,0.9,0.339,NA,2.7136180332729
1946,3,NA,NA,11,5.705,NA,7.4670358965474
1946,4,NA,NA,13.7,12.3685,NA,15.8019816080729
1946,5,NA,NA,15.2,19.211,NA,20.1958212575605
1946,6,NA,NA,23.7,23.1245,NA,26.5262440999349
1946,7,NA,NA,25.3,26.204,NA,27.3461665984123
1946,8,NA,NA,24.8,25.181,NA,27.3409855011971
1946,9,NA,NA,21.8,20.5955,NA,25.0218922932943
1946,10,NA,NA,13.6,14.671,NA,18.6132072202621
1946,11,NA,NA,8.2,8.2505,NA,10.1112945556641
1946,12,NA,NA,-2.2,1.437,NA,1.33715406848541
1947,1,NA,NA,-1.2,-1.28,NA,4.40310255481353
1947,2,NA,NA,-0.8,0.339,NA,0.207972281319777
1947,3,NA,NA,12.1,5.705,NA,3.13609540385587
1947,4,NA,NA,9.1,12.3685,NA,12.4073913574219
1947,5,NA,NA,18.3,19.211,NA,20.2800684775076
1947,6,NA,NA,23.6,23.1245,NA,25.9396341959636
1947,7,NA,NA,25.5,26.204,NA,26.7401042322959
1947,8,NA,NA,22.1,25.181,NA,26.3733902469758
1947,9,NA,NA,22.4,20.5955,NA,22.2685516357422
1947,10,NA,NA,17,14.671,NA,19.8496170536165
1947,11,NA,NA,8.8,8.2505,NA,10.8090962727865
1947,12,NA,NA,1.2,1.437,NA,3.19408470892139
1948,1,NA,NA,0.2,-1.28,NA,-2.4116764191658
1948,2,NA,NA,-0.8,0.339,NA,0.677454665611553
1948,3,NA,NA,4.3,5.705,NA,8.84893286920365
1948,4,NA,NA,11.4,12.3685,NA,15.6145324707031
1948,5,NA,NA,17.8,19.211,NA,19.6203621156754
1948,6,NA,NA,22.6,23.1245,NA,24.9095469156901
1948,7,NA,NA,26.6,26.204,NA,29.434949124244
1948,8,NA,NA,26.3,25.181,NA,28.9774807837702
1948,9,NA,NA,20.7,20.5955,NA,25.9672810872396
1948,10,NA,NA,19.5,14.671,NA,18.0163966025076
1948,11,NA,NA,4.4,8.2505,NA,12.2742106119792
1948,12,NA,NA,-0.1,1.437,NA,4.55580660912301
1949,1,NA,NA,-4.3,-1.28,NA,4.05648094915577
1949,2,NA,NA,-0.4,0.339,NA,5.20402570452011
1949,3,NA,NA,6,5.705,NA,9.02811141475557
1949,4,NA,NA,11.9,12.3685,NA,17.0271769205729
1949,5,NA,NA,16.1,19.211,NA,23.2711632513231
1949,6,NA,NA,22,23.1245,NA,29.6754547119141
1949,7,NA,NA,27.1,26.204,NA,30.6330554592994
1949,8,NA,NA,25.9,25.181,NA,30.0156336630545
1949,9,NA,NA,22.5,20.5955,NA,22.2863972981771
1949,10,NA,NA,14,14.671,NA,21.0273976972026
1949,11,NA,NA,10.6,8.2505,NA,9.19161275227867
1949,12,NA,NA,2,1.437,NA,4.29968143586192
1950,1,NA,NA,1.7,-1.28,NA,4.50588083574851
1950,2,NA,NA,2.5,0.339,NA,1.28756975446431
1950,3,NA,NA,5.8,5.705,NA,5.16516979586696
1950,4,NA,NA,13.7,12.3685,NA,13.2533213297526
1950,5,NA,NA,19.5,19.211,NA,21.5869561964466
1950,6,NA,NA,25.9,23.1245,NA,27.124072265625
1950,7,NA,NA,27.5,26.204,NA,28.6735828030494
1950,8,NA,NA,26.4,25.181,NA,27.4001964938256
1950,9,NA,NA,19.1,20.5955,NA,21.5470479329427
1950,10,NA,NA,17.8,14.671,NA,18.9802263813634
1950,11,NA,NA,6.7,8.2505,NA,11.1819356282552
1950,12,NA,NA,2.9,1.437,NA,3.14275709582916
1951,1,NA,NA,2,-1.28,NA,3.43983390561998
1951,2,NA,NA,-1.9,0.339,NA,4.59068450927737
1951,3,NA,NA,3.1,5.705,NA,6.83373117754539
1951,4,NA,NA,11.2,12.3685,NA,15.5506235758464
1951,5,NA,NA,18.4,19.211,NA,22.7309528966104
1951,6,NA,NA,24.2,23.1245,NA,24.5240976969401
1951,7,NA,NA,25.6,26.204,NA,28.3108105074975
1951,8,NA,NA,24.3,25.181,NA,26.4357701455393
1951,9,NA,NA,18.5,20.5955,NA,23.7315561930339
1951,10,NA,NA,16.3,14.671,NA,18.8228482154108
1951,11,NA,NA,9.7,8.2505,NA,7.57385253906252
1951,12,NA,NA,1.4,1.437,NA,2.93413597845264
1952,1,NA,NA,1.5,-1.28,NA,2.34639006583924
1952,2,NA,NA,2,0.339,NA,3.54269324993267
1952,3,NA,NA,4.3,5.705,NA,5.83769747826363
1952,4,NA,NA,12.9,12.3685,NA,15.9091623942058
1952,5,NA,NA,19.9,19.211,NA,19.9645236107611
1952,6,NA,NA,22,23.1245,NA,27.1842753092448
1952,7,NA,NA,25.6,26.204,NA,31.03701664094
1952,8,NA,NA,23.7,25.181,NA,28.2947031328755
1952,9,NA,NA,20.7,20.5955,NA,24.7032053629558
1952,10,NA,NA,14.6,14.671,NA,16.8497972057712
1952,11,NA,NA,5.8,8.2505,NA,9.84942830403648
1952,12,NA,NA,1.7,1.437,NA,4.35430494739166
1953,1,NA,NA,0.6,-1.28,NA,4.16733457503782
1953,2,NA,NA,0.7,0.339,NA,5.32898428780694
1953,3,NA,NA,3.4,5.705,NA,7.65735729586696
1953,4,NA,NA,13.1,12.3685,NA,13.4425170898438
1953,5,NA,NA,17.1,19.211,NA,22.4618823635963
1953,6,NA,NA,24.7,23.1245,NA,28.6663045247396
1953,7,NA,NA,28.6,26.204,NA,28.6815833307082
1953,8,NA,NA,25.2,25.181,NA,28.2387998519405
1953,9,NA,NA,21.7,20.5955,NA,25.2737019856771
1953,10,NA,NA,14.3,14.671,NA,19.7827894641507
1953,11,NA,NA,7.9,8.2505,NA,12.0544138590495
1953,12,NA,NA,1.9,1.437,NA,5.74601775138611
1954,1,NA,NA,1.8,-1.28,NA,-0.253142522996449
1954,2,NA,NA,2.4,0.339,NA,6.47326376778741
1954,3,NA,NA,5.7,5.705,NA,7.82304411857361
1954,4,NA,NA,11.3,12.3685,NA,15.6719757080078
1954,5,NA,NA,19.1,19.211,NA,19.2180488832536
1954,6,NA,NA,25.5,23.1245,NA,25.6391703287761
1954,7,NA,NA,26.4,26.204,NA,27.2234780588458
1954,8,NA,NA,25.3,25.181,NA,25.4993225097656
1954,9,NA,NA,22.3,20.5955,NA,20.9903035481771
1954,10,NA,NA,16.4,14.671,NA,19.2714398784022
1954,11,NA,NA,10.5,8.2505,NA,9.62032979329429
1954,12,NA,NA,4.8,1.437,NA,2.65105295488914
1955,1,NA,NA,-2.5,-1.28,NA,-0.0584600633190297
1955,2,NA,NA,3.9,0.339,NA,2.63577532087056
1955,3,NA,NA,5.4,5.705,NA,6.02725101594004
1955,4,NA,NA,13.8,12.3685,NA,15.537831624349
1955,5,NA,NA,16.5,19.211,NA,24.62586906187
1955,6,NA,NA,23.2,23.1245,NA,25.5896494547526
1955,7,NA,NA,25.2,26.204,NA,31.6893298733619
1955,8,NA,NA,23,25.181,NA,29.3932650658392
1955,9,NA,NA,18.6,20.5955,NA,23.2069753011068
1955,10,NA,NA,16.9,14.671,NA,17.1324204967868
1955,11,NA,NA,7.7,8.2505,NA,7.28339742024742
1955,12,NA,NA,1.2,1.437,NA,-1.01055534116681
1956,1,NA,NA,-1.7,-1.28,NA,0.864409219065043
1956,2,NA,NA,1.6,0.339,NA,2.9820600838497
1956,3,NA,NA,3.9,5.705,NA,3.51274236863662
1956,4,NA,NA,12.8,12.3685,NA,12.1270375569662
1956,5,NA,NA,22.2,19.211,NA,19.440807514806
1956,6,NA,NA,22.9,23.1245,NA,27.2408365885417
1956,7,NA,NA,29.4,26.204,NA,26.9009988107989
1956,8,NA,NA,26.9,25.181,NA,27.6645151445943
1956,9,NA,NA,20.6,20.5955,NA,20.4705790201823
1956,10,NA,NA,14.6,14.671,NA,18.3013815602949
1956,11,NA,NA,5.1,8.2505,NA,10.6096110026042
1956,12,NA,NA,-2.6,1.437,NA,3.31254114950859
1957,1,NA,NA,-0.6,-1.28,NA,-1.37517838016631
1957,2,NA,NA,0.7,0.339,NA,4.71235264369422
1957,3,NA,NA,2,5.705,NA,8.42054285849297
1957,4,NA,NA,9.4,12.3685,NA,16.5333577473959
1957,5,NA,NA,17.8,19.211,NA,22.3308704007057
1957,6,NA,NA,24.7,23.1245,NA,28.4251810709636
1957,7,NA,NA,24.4,26.204,NA,28.7716535014491
1957,8,NA,NA,25.2,25.181,NA,27.5162154659148
1957,9,NA,NA,18.2,20.5955,NA,25.0374552408854
1957,10,NA,NA,16.1,14.671,NA,17.9048952164189
1957,11,NA,NA,9.1,8.2505,NA,12.0277099609375
1957,12,NA,NA,1.9,1.437,NA,5.74174430601061
1958,1,NA,NA,-3.7,-1.28,NA,0.703585520098309
1958,2,NA,NA,2.8,0.339,NA,-0.893271963936919
1958,3,NA,NA,5.5,5.705,NA,6.67278737714216
1958,4,NA,NA,14.2,12.3685,NA,15.2017862955729
1958,5,NA,NA,19.3,19.211,NA,19.1275120888987
1958,6,NA,NA,25.6,23.1245,NA,23.3796264648438
1958,7,NA,NA,26.3,26.204,NA,27.2096319383191
1958,8,NA,NA,24.5,25.181,NA,27.5249159289945
1958,9,NA,NA,22.9,20.5955,NA,22.5564565022787
1958,10,NA,NA,15,14.671,NA,16.0743750787551
1958,11,NA,NA,9.4,8.2505,NA,8.92598063151044
1958,12,NA,NA,4.2,1.437,NA,-1.45478594380038
1959,1,NA,NA,-0.7,-1.28,NA,0.490103247857886
1959,2,NA,NA,-2.9,0.339,NA,0.939103698730491
1959,3,NA,NA,5,5.705,NA,6.47644417055194
1959,4,NA,NA,13,12.3685,NA,15.6870768229167
1959,5,NA,NA,16.9,19.211,NA,24.0927003922001
1959,6,NA,NA,21.2,23.1245,NA,24.8388193766276
1959,7,NA,NA,25.1,26.204,NA,29.1704562279486
1959,8,NA,NA,25.1,25.181,NA,28.8884098176033
1959,9,NA,NA,20.5,20.5955,NA,26.0779571533203
1959,10,NA,NA,13.7,14.671,NA,16.8121276855469
1959,11,NA,NA,8.1,8.2505,NA,9.51278177897138
1959,12,NA,NA,-3.1,1.437,NA,3.10518109721524
1960,1,NA,NA,-0.9,-1.28,NA,0.937303899949619
1960,2,NA,NA,-0.8,0.339,NA,3.79691730367729
1960,3,NA,NA,4.4,5.705,NA,2.95136561239922
1960,4,NA,NA,13,12.3685,NA,15.9804036458334
1960,5,NA,NA,21.9,19.211,NA,22.6065179640247
1960,6,NA,NA,21.7,23.1245,NA,26.106088256836
1960,7,NA,NA,27,26.204,NA,27.5028566422001
1960,8,NA,NA,26.2,25.181,NA,27.3405365974673
1960,9,NA,NA,22.5,20.5955,NA,23.2670989990235
1960,10,NA,NA,14.2,14.671,NA,17.0587146389869
1960,11,NA,NA,7.6,8.2505,NA,11.487895711263
1960,12,NA,NA,1.8,1.437,NA,1.38385088520668
1961,1,NA,NA,-0.3,-1.28,NA,-1.05202676096268
1961,2,NA,NA,2,0.339,NA,3.75107836042134
1961,3,NA,NA,1.4,5.705,NA,6.96562618132563
1961,4,NA,NA,13.2,12.3685,NA,12.5372467041016
1961,5,NA,NA,19.6,19.211,NA,19.534066280242
1961,6,NA,NA,23.8,23.1245,NA,26.5090026855469
1961,7,NA,NA,25.5,26.204,NA,27.949127000378
1961,8,NA,NA,24.9,25.181,NA,27.4749557002898
1961,9,NA,NA,20.6,20.5955,NA,27.5959055582683
1961,10,NA,NA,14.5,14.671,NA,19.2741234564012
1961,11,NA,NA,9.5,8.2505,NA,9.62207539876304
1961,12,NA,NA,-0.4,1.437,NA,2.00606197234125
1962,1,NA,NA,-3.5,-1.28,NA,0.617453101373511
1962,2,NA,NA,1.4,0.339,NA,0.243648420061407
1962,3,NA,NA,5,5.705,NA,7.92151646767895
1962,4,NA,NA,9.5,12.3685,NA,15.5692637125651
1962,5,NA,NA,17.2,19.211,NA,21.4880211614794
1962,6,NA,NA,24.2,23.1245,NA,26.8881581624349
1962,7,NA,NA,25.3,26.204,NA,27.0280513640373
1962,8,NA,NA,25,25.181,NA,26.6625324864542
1962,9,NA,NA,24.5,20.5955,NA,22.0176361083985
1962,10,NA,NA,16.5,14.671,NA,16.4362062515751
1962,11,NA,NA,7.6,8.2505,NA,8.32208760579429
1962,12,NA,NA,0,1.437,NA,1.07439968970516
1963,1,NA,NA,-1.1,-1.28,NA,0.124721207157281
1963,2,NA,NA,-2.2,0.339,NA,0.662168666294666
1963,3,NA,NA,5.3,5.705,NA,7.44019322549145
1963,4,NA,NA,13.1,12.3685,NA,15.1864624023438
1963,5,NA,NA,17.8,19.211,NA,22.4464975664693
1963,6,NA,NA,24.2,23.1245,NA,27.083491007487
1963,7,NA,NA,24.4,26.204,NA,29.3073561145414
1963,8,NA,NA,24,25.181,NA,26.4203390798261
1963,9,NA,NA,19.4,20.5955,NA,22.7911356608073
1963,10,NA,NA,13.9,14.671,NA,22.3204924552672
1963,11,NA,NA,6.2,8.2505,NA,11.8258483886719
1963,12,NA,NA,-0.1,1.437,NA,-1.57082263577367
1964,1,0.0344827586206897,NA,-2.3,-1.28,NA,2.88054908014115
1964,2,-0.482758620689655,NA,-2.7,0.339,NA,2.3642832788928
1964,3,5.85714285714286,NA,4.7,5.705,NA,7.81562145602321
1964,4,11.0344827586207,NA,12.6,12.3685,NA,14.0503916422526
1964,5,21.1290322580645,NA,18.9,19.211,NA,24.6233105074975
1964,6,24.2333333333333,NA,23.9,23.1245,NA,26.6678883870443
1964,7,26.7037037037037,NA,26.5,26.204,NA,28.3600708007813
1964,8,21.9677419354839,NA,24,25.181,NA,25.688866203062
1964,9,20.5172413793103,NA,19.2,20.5955,NA,23.8716054280599
1964,10,15.5161290322581,NA,19.2,14.671,NA,17.488418874433
1964,11,10.95,NA,9.2,8.2505,NA,10.712538655599
1964,12,0.4,NA,-3.3,1.437,NA,1.45499031313006
1965,1,-3.36,NA,0.2,-1.28,NA,-0.37335027879282
1965,2,-5.43478260869565,NA,-0.6,0.339,NA,1.5904490879604
1965,3,1.09090909090909,NA,5.6,5.705,NA,5.5694519042969
1965,4,10.2,NA,11.4,12.3685,NA,13.4253184000651
1965,5,22.2333333333333,NA,21.6,19.211,NA,24.7449230563256
1965,6,23.5333333333333,NA,23.6,23.1245,NA,26.5277598063151
1965,7,25.6129032258065,NA,25.8,26.204,NA,27.7497084094632
1965,8,25.0322580645161,NA,22.5,25.181,NA,26.6184336016255
1965,9,20.4,NA,20.9,20.5955,NA,23.1093546549479
1965,10,14.9677419354839,NA,14.8,14.671,NA,16.8437685074345
1965,11,6.66666666666667,NA,9.6,8.2505,NA,7.38102722167971
1965,12,1.90322580645161,NA,0.7,1.437,NA,3.73260281470516
1966,1,-0.451612903225806,NA,-2.7,-1.28,NA,0.684126134072603
1966,2,0.535714285714286,NA,-0.5,0.339,NA,2.07696685791018
1966,3,6.19354838709677,NA,3.6,5.705,NA,7.65876307333672
1966,4,11.2,NA,10.6,12.3685,NA,13.4288187662761
1966,5,17.8709677419355,NA,22.1,19.211,NA,20.0649924001386
1966,6,24.0333333333333,NA,23.7,23.1245,NA,27.4963572184245
1966,7,27.6206896551724,NA,25.6,26.204,NA,30.1454229539441
1966,8,25.4193548387097,NA,24.9,25.181,NA,28.3523518223917
1966,9,19.8,NA,20.6,20.5955,NA,22.6968556722005
1966,10,14.8064516129032,NA,14.3,14.671,NA,17.7948527674521
1966,11,9.83333333333333,NA,6.6,8.2505,NA,11.753618367513
1966,12,0.967741935483871,NA,1.7,1.437,NA,2.45044122511343
1967,1,1.41935483870968,NA,-1.7,-1.28,NA,3.40688771893903
1967,2,-1.71428571428571,NA,-0.1,0.339,NA,0.605014692034063
1967,3,2.90322580645161,NA,5.5,5.705,NA,4.65099979523692
1967,4,9.8,NA,10.6,12.3685,NA,12.9429514567058
1967,5,14.5161290322581,NA,16.8,19.211,NA,17.1574458952873
1967,6,25.2333333333333,NA,24.2,23.1245,NA,27.7464589436849
1967,7,25.5666666666667,NA,27.7,26.204,NA,27.8903363627772
1967,8,24.0645161290323,NA,25.6,25.181,NA,26.6971463111139
1967,9,21.0333333333333,NA,20,20.5955,NA,23.8693664550781
1967,10,14.7741935483871,NA,14.8,14.671,NA,17.5371643066406
1967,11,5.13333333333333,NA,9.8,8.2505,NA,6.74265238444013
1967,12,2.38709677419355,NA,1.1,1.437,NA,2.79362418882311
1968,1,-3.2258064516129,NA,1.5,-1.28,NA,-1.12657332881802
1968,2,-2.24137931034483,NA,-1.7,0.339,NA,-0.0840999208647402
1968,3,6.3,NA,2.5,5.705,NA,8.50475365423389
1968,4,15.5333333333333,NA,10.6,12.3685,NA,18.1101450602214
1968,5,18.1290322580645,NA,14.8,19.211,NA,20.274803703062
1968,6,21.7931034482759,NA,24.9,23.1245,NA,24.1692972819011
1968,7,26.5172413793103,NA,25.6,26.204,NA,29.3246645035282
1968,8,24.7,NA,24.4,25.181,NA,27.5675735965852
1968,9,22.8,NA,21,20.5955,NA,25.7560485839844
1968,10,16.3666666666667,NA,15.2,14.671,NA,18.8738194619456
1968,11,5.51724137931035,NA,5.1,8.2505,NA,7.23831685384117
1968,12,-1.03225806451613,NA,2.2,1.437,NA,0.276671181955668
1969,1,-1.41935483870968,NA,-3.3,-1.28,NA,0.29658636277724
1969,2,-0.407407407407407,NA,-2.1,0.339,NA,1.71633191789902
1969,3,3.2258064516129,NA,6.2,5.705,NA,5.52223038211948
1969,4,13.8,NA,15.8,12.3685,NA,17.2729176839193
1969,5,18.6451612903226,NA,17.9,19.211,NA,21.2168242423765
1969,6,23.2413793103448,NA,21.5,23.1245,NA,26.2064066569011
1969,7,24.4516129032258,NA,27.2,26.204,NA,26.4281417354461
1969,8,25.4193548387097,NA,25.4,25.181,NA,28.9284715221774
1969,9,21.0333333333333,NA,22.7,20.5955,NA,23.6365814208985
1969,10,15.2903225806452,NA,16.3,14.671,NA,17.7709604570943
1969,11,7.93333333333333,NA,5.9,8.2505,NA,9.17054951985679
1969,12,-0.806451612903226,NA,-1,1.437,NA,0.604702660345285
1970,1,-5.53333333333333,NA,-1.8,-1.28,NA,-2.4902158675655
1970,2,0.607142857142857,NA,-0.7,0.339,NA,3.29728197370259
1970,3,2.9,NA,3.4,5.705,NA,5.35519980153732
1970,4,12.0666666666667,NA,14.4,12.3685,NA,15.0230285644531
1970,5,19.3870967741935,NA,18.9,19.211,NA,22.4913652973791
1970,6,22.6333333333333,NA,24.2,23.1245,NA,25.4730204264323
1970,7,26.7692307692308,NA,24.7,26.204,NA,28.8481679608745
1970,8,26.8076923076923,NA,26.4,25.181,NA,29.2439405871976
1970,9,20.5,NA,21.2,20.5955,NA,22.9642608642578
1970,10,15,NA,15.2,14.671,NA,18.1890266664567
1970,11,8.3448275862069,NA,7.4,8.2505,NA,9.83548889160159
1970,12,-0.870967741935484,NA,-0.7,1.437,NA,-0.15284502583163
1971,1,-3.25806451612903,NA,-5.2,-1.28,NA,-2.30349160471268
1971,2,-0.821428571428571,NA,0.9,0.339,NA,1.76372026715962
1971,3,3.16129032258065,NA,3.6,5.705,NA,5.05836122574347
1971,4,10.5,NA,12.3,12.3685,NA,13.1356455485026
1971,5,17.258064516129,NA,19.8,19.211,NA,20.4564541724421
1971,6,24.6,NA,22.8,23.1245,NA,27.7447713216146
1971,7,26.2258064516129,NA,26.6,26.204,NA,28.7656090521044
1971,8,25.0967741935484,NA,26.7,25.181,NA,27.893703140751
1971,9,21.6,NA,21.1,20.5955,NA,24.0879801432292
1971,10,17.9677419354839,NA,15.5,14.671,NA,20.9192749023438
1971,11,6.06666666666667,NA,8.1,8.2505,NA,7.9093688964844
1971,12,2.80645161290323,NA,-1.3,1.437,NA,3.10141660628783
1972,1,0.225806451612903,NA,-3.2,-1.28,NA,2.67874125819055
1972,2,-1.06896551724138,NA,-0.3,0.339,NA,0.786817037648191
1972,3,2.80645161290323,NA,3.5,5.705,NA,4.33992821478077
1972,4,8.93333333333333,NA,11.3,12.3685,NA,11.7696146647136
1972,5,18.4838709677419,NA,17.7,19.211,NA,20.8198131930444
1972,6,20.7666666666667,NA,25.3,23.1245,NA,23.1952158610026
1972,7,25.6666666666667,NA,26.4,26.204,NA,28.1127524099043
1972,8,23.7,NA,25.7,25.181,NA,26.3541208574849
1972,9,20.7,NA,22,20.5955,NA,23.0150146484375
1972,10,12.6,NA,18.1,14.671,NA,14.0621975806452
1972,11,4.6,NA,6.1,8.2505,NA,5.95951843261721
1972,12,1.09677419354839,NA,2.8,1.437,NA,1.70320749590476
1973,1,0.766666666666667,NA,0.6,-1.28,NA,2.57336406092492
1973,2,-0.535714285714286,NA,-0.9,0.339,NA,2.03850054059712
1973,3,8.25806451612903,NA,3.3,5.705,NA,10.0586791992188
1973,4,13.1428571428571,NA,9.5,12.3685,NA,15.4895599365235
1973,5,17.0322580645161,NA,18.7,19.211,NA,19.2031602428806
1973,6,24.1,NA,21.1,23.1245,NA,26.9889353434245
1973,7,25.6,NA,26.1,26.204,NA,28.9478570753528
1973,8,26.4516129032258,NA,24.5,25.181,NA,29.7060958370086
1973,9,20.5,NA,21.4,20.5955,NA,22.9686818440755
1973,10,16.0322580645161,NA,12.5,14.671,NA,17.6369941957536
1973,11,8.4,NA,5.1,8.2505,NA,9.01510823567711
1973,12,4.2258064516129,NA,0.8,1.437,NA,4.56260120022684
1974,1,0.258064516129032,NA,1.2,-1.28,NA,1.86665078440022
1974,2,-0.714285714285714,NA,-0.2,0.339,NA,1.66832776750839
1974,3,5.12903225806452,NA,8.5,5.705,NA,6.52364009734125
1974,4,13.3333333333333,NA,12.9,12.3685,NA,17.532064819336
1974,5,16.3225806451613,NA,17.2,19.211,NA,19.2724410518523
1974,6,22.5,NA,24.7,23.1245,NA,26.5221028645834
1974,7,25.5806451612903,NA,26.6,26.204,NA,28.7206546906502
1974,8,25.4193548387097,NA,27,25.181,NA,28.4117823446951
1974,9,19.4333333333333,NA,21.4,20.5955,NA,21.7140655517578
1974,10,12.1935483870968,NA,16.1,14.671,NA,14.662010734312
1974,11,8.6,NA,8.3,8.2505,NA,9.68259480794273
1974,12,2.03225806451613,NA,4,1.437,NA,3.00364714591736
1975,1,0.774193548387097,NA,0.2,-1.28,NA,2.61876535723289
1975,2,-0.0714285714285714,NA,-0.3,0.339,NA,2.36524135044645
1975,3,3.32258064516129,NA,5.5,5.705,NA,6.00427226404992
1975,4,9.53333333333333,NA,13.7,12.3685,NA,11.4589111328125
1975,5,21.6451612903226,NA,17,19.211,NA,25.0653487666961
1975,6,22.5,NA,23.1,23.1245,NA,25.458578491211
1975,7,26.5483870967742,NA,26,26.204,NA,30.1131442162299
1975,8,24.4516129032258,NA,25.8,25.181,NA,27.4746869487147
1975,9,18.8,NA,19.9,20.5955,NA,20.952875773112
1975,10,15.9032258064516,NA,12.7,14.671,NA,18.3308802450857
1975,11,11.1,NA,8.6,8.2505,NA,12.5269073486328
1975,12,1.12903225806452,NA,2.2,1.437,NA,2.48852125598541
1976,1,-3.12903225806452,NA,1.3,-1.28,NA,-1.73404836347024
1976,2,3.3448275862069,NA,0.3,0.339,NA,6.78028838059
1976,3,6.74193548387097,NA,4,5.705,NA,9.32747605846776
1976,4,15.0454545454545,NA,9.9,12.3685,NA,17.5691070556641
1976,5,18.0322580645161,NA,21.9,19.211,NA,21.5928913731729
1976,6,25.4666666666667,NA,22.7,23.1245,NA,28.9933095296224
1976,7,24.258064516129,NA,26.8,26.204,NA,27.5929671748992
1976,8,24,NA,24.9,25.181,NA,27.2808077904486
1976,9,19.7666666666667,NA,18.8,20.5955,NA,22.7436513264974
1976,10,12.0967741935484,NA,16,14.671,NA,15.0240378102949
1976,11,5.3,NA,11.3,8.2505,NA,7.34018249511721
1976,12,-2.19354838709677,NA,1.3,1.437,NA,0.388460023941555
1977,1,-4.87096774193548,NA,-3.1,-1.28,NA,-2.71688960905996
1977,2,-1,NA,4.2,0.339,NA,0.999792262486072
1977,3,7.70967741935484,NA,7,5.705,NA,11.0779968261719
1977,4,13.9333333333333,NA,15,12.3685,NA,16.7365865071615
1977,5,20.741935483871,NA,18.3,19.211,NA,25.3096646216608
1977,6,21.7333333333333,NA,25.8,23.1245,NA,24.9232767740886
1977,7,25.5483870967742,NA,25.3,26.204,NA,28.7197312878024
1977,8,24.6451612903226,NA,24.7,25.181,NA,27.6200825352823
1977,9,18.7,NA,20.3,20.5955,NA,22.2323872884115
1977,10,14,NA,12.4,14.671,NA,17.3477328392767
1977,11,8.27586206896552,NA,5.7,8.2505,NA,10.5162394205729
1977,12,-0.709677419354839,NA,-1.7,1.437,NA,1.13123818674397
1978,1,-1.67741935483871,NA,-4.8,-1.28,NA,-0.685404328376993
1978,2,-2.67857142857143,NA,-0.5,0.339,NA,-1.34822910853792
1978,3,3.32258064516129,NA,8.1,5.705,NA,6.02992770287301
1978,4,11.4666666666667,NA,14.1,12.3685,NA,13.3474721272787
1978,5,18.8387096774194,NA,21.2,19.211,NA,22.8653473884829
1978,6,23.8,NA,22,23.1245,NA,26.8927866617839
1978,7,25.3225806451613,NA,26.2,26.204,NA,28.87000476468
1978,8,24.4193548387097,NA,25.2,25.181,NA,27.4514384608115
1978,9,19.4,NA,19.9,20.5955,NA,22.7910715738933
1978,10,13.8387096774194,NA,14.3,14.671,NA,16.9394105972782
1978,11,8.83333333333333,NA,8.5,8.2505,NA,10.1439870198568
1978,12,1.45161290322581,NA,-0.4,1.437,NA,2.42296260710688
1979,1,-0.225806451612903,NA,-1.9,-1.28,NA,0.460041464528753
1979,2,-5.07142857142857,NA,-2.6,0.339,NA,-3.21280735560824
1979,3,7.41935483870968,NA,3.6,5.705,NA,9.90711709299397
1979,4,11.2333333333333,NA,11.2,12.3685,NA,13.9597635904948
1979,5,19.4193548387097,NA,18.8,19.211,NA,22.0178407730595
1979,6,23.8,NA,24.2,23.1245,NA,26.6899820963542
1979,7,27.0645161290323,NA,25.8,26.204,NA,29.6666031376008
1979,8,23.8064516129032,NA,24.8,25.181,NA,26.7344289472026
1979,9,20.8333333333333,NA,20.1,20.5955,NA,23.5405904134115
1979,10,13.3225806451613,NA,14.3,14.671,NA,15.7886616368448
1979,11,10.6666666666667,NA,8.6,8.2505,NA,12.4719940185547
1979,12,2.96774193548387,NA,1.5,1.437,NA,4.96425781250002
1980,1,0,NA,-0.8,-1.28,NA,1.8387390136719
1980,2,-1.10344827586207,NA,-5.2,0.339,NA,0.694746556775346
1980,3,4.7741935483871,NA,7.5,5.705,NA,7.03843324722785
1980,4,12.5666666666667,NA,11.5,12.3685,NA,15.3949890136719
1980,5,19.8709677419355,NA,19.4,19.211,NA,23.4377409904234
1980,6,22.3333333333333,NA,24,23.1245,NA,25.2517639160156
1980,7,27.5161290322581,NA,27,26.204,NA,29.7704958023564
1980,8,25.8709677419355,NA,24.3,25.181,NA,28.4624001779864
1980,9,22.2333333333333,NA,20.9,20.5955,NA,24.3276967366537
1980,10,13.8064516129032,NA,13.3,14.671,NA,15.4064988659274
1980,11,6.6,NA,10.7,8.2505,NA,8.73308919270836
1980,12,-0.580645161290323,NA,2.9,1.437,NA,1.08032994424145
1981,1,-5.2258064516129,NA,-0.2,-1.28,NA,-1.96985670520411
1981,2,4.14285714285714,NA,-1.2,0.339,NA,6.82114998953685
1981,3,5.2258064516129,NA,4.3,5.705,NA,8.29727054719004
1981,4,14.3448275862069,NA,12.5,12.3685,NA,17.2088165283203
1981,5,20.9032258064516,NA,19.7,19.211,NA,23.4733845372354
1981,6,24,NA,22.5,23.1245,NA,27.0903116861979
1981,7,26.3548387096774,NA,26.9,26.204,NA,29.0024087229083
1981,8,25.0967741935484,NA,25.5,25.181,NA,27.6557664440524
1981,9,19.4666666666667,NA,21.8,20.5955,NA,22.1569061279297
1981,10,12.7741935483871,NA,13.5,14.671,NA,15.1044762396044
1981,11,7.66666666666667,NA,6.2,8.2505,NA,9.86265055338544
1981,12,0.193548387096774,NA,-0.5,1.437,NA,1.85787747290829
1982,1,-5.64516129032258,NA,-4.6,-1.28,NA,-2.69446903351812
1982,2,0.214285714285714,NA,4.4,0.339,NA,1.68335658482145
1982,3,4.67741935483871,NA,5.5,5.705,NA,7.31418909872734
1982,4,10.4,NA,14.2,12.3685,NA,14.541650390625
1982,5,20.741935483871,NA,20.2,19.211,NA,23.8907262002268
1982,6,20.8333333333333,NA,24.3,23.1245,NA,23.8773468017578
1982,7,26.8064516129032,NA,26.7,26.204,NA,29.6453304167717
1982,8,23.8064516129032,NA,25.4,25.181,NA,26.3924145114038
1982,9,20.9,NA,19.6,20.5955,NA,23.4988159179688
1982,10,15,NA,12.9,14.671,NA,18.1780757780998
1982,11,10.1,NA,7.9,8.2505,NA,11.385585530599
1982,12,4.9,NA,0.1,1.437,NA,6.5520942934098
1983,1,-0.0645161290322581,NA,-5.1,-1.28,NA,1.34679860761091
1983,2,2.10714285714286,NA,0,0.339,NA,4.01455514090404
1983,3,5.29032258064516,NA,5,5.705,NA,7.53583039314518
1983,4,11.8,NA,11.2,12.3685,NA,15.1806925455729
1983,5,17.1612903225806,NA,20.7,19.211,NA,19.8514953613281
1983,6,25.1,NA,20.9,23.1245,NA,28.5191263834636
1983,7,27.4838709677419,NA,27,26.204,NA,30.3823053175403
1983,8,26.8709677419355,NA,23.8,25.181,NA,29.3321974231351
1983,9,23.9,NA,20.9,20.5955,NA,26.4075500488281
1983,10,14.6774193548387,NA,14.9,14.671,NA,16.6498972246724
1983,11,8.93333333333333,NA,10,8.2505,NA,9.37985941569013
1983,12,0.290322580645161,NA,4.8,1.437,NA,0.806545922064035
1984,1,-2.67741935483871,NA,-0.4,-1.28,NA,-0.743039235761066
1984,2,4.41379310344828,NA,1.7,0.339,NA,6.64281510977912
1984,3,0.903225806451613,NA,5.3,5.705,NA,4.19615399760587
1984,4,11.5666666666667,NA,11.6,12.3685,NA,14.7971781412761
1984,5,18.258064516129,NA,16.8,19.211,NA,20.8813189106603
1984,6,24.8,NA,25.3,23.1245,NA,28.0698059082031
1984,7,25,NA,27.3,26.204,NA,28.4831983996976
1984,8,26.3225806451613,NA,26.1,25.181,NA,28.9893304640247
1984,9,20.6666666666667,NA,23.5,20.5955,NA,23.6081309000651
1984,10,16.4838709677419,NA,14.1,14.671,NA,19.2117977019279
1984,11,8.82758620689655,NA,8.4,8.2505,NA,10.0039713541667
1984,12,4.19354838709677,NA,-0.2,1.437,NA,5.53857303742442
1985,1,-3.16129032258065,NA,-2.6,-1.28,NA,-1.83988627772175
1985,2,2.71428571428571,NA,3.9,0.339,NA,3.45228511265348
1985,3,8.70967741935484,NA,1.5,5.705,NA,10.9417486375378
1985,4,13.2142857142857,NA,11.5,12.3685,NA,16.7225708007813
1985,5,21.5483870967742,NA,17.6,19.211,NA,23.8456674883443
1985,6,21.8275862068966,NA,24.7,23.1245,NA,23.7610585530599
1985,7,26.5483870967742,NA,25,26.204,NA,28.9082570722026
1985,8,24.3870967741935,NA,26.4,25.181,NA,26.9241203061996
1985,9,20.9666666666667,NA,20.1,20.5955,NA,24.064892578125
1985,10,15.4193548387097,NA,16.5,14.671,NA,18.3586473034274
1985,11,7.46666666666667,NA,8.6,8.2505,NA,9.45292256673179
1985,12,-1.25806451612903,NA,4.1,1.437,NA,-0.00855988533263855
1986,1,0.193548387096774,NA,-3.5,-1.28,NA,1.97452550088208
1986,2,-1.57142857142857,NA,1.7,0.339,NA,0.162793186732724
1986,3,6.45161290322581,NA,7.7,5.705,NA,9.38781915480093
1986,4,14.3,NA,13.3,12.3685,NA,17.9196929931641
1986,5,20.1612903225806,NA,20.2,19.211,NA,23.8571401288433
1986,6,21.8,NA,20.7,23.1245,NA,25.5984415690104
1986,7,24.8064516129032,NA,26.5,26.204,NA,27.7134230090726
1986,8,23.5483870967742,NA,24.4,25.181,NA,26.6728306924143
1986,9,19.5,NA,21.1,20.5955,NA,22.5323048909505
1986,10,14.7741935483871,NA,15.5,14.671,NA,17.889800828503
1986,11,6.83333333333333,NA,7.9,8.2505,NA,8.64005330403648
1986,12,1.67741935483871,NA,-0.7,1.437,NA,3.06806483114922
1987,1,-1.41935483870968,NA,0.6,-1.28,NA,0.817737013293873
1987,2,0.607142857142857,NA,-1.3,0.339,NA,2.27008427211219
1987,3,7.25806451612903,NA,7.1,5.705,NA,9.97785585464972
1987,4,12.6666666666667,NA,14.2,12.3685,NA,16.4534454345703
1987,5,19.6129032258065,NA,20.2,19.211,NA,23.4822001795615
1987,6,23.6,NA,22.5,23.1245,NA,27.1588562011719
1987,7,26.9677419354839,NA,25,26.204,NA,29.7383617770288
1987,8,24.8,NA,23.6,25.181,NA,27.5049190398186
1987,9,20.1333333333333,NA,19.3,20.5955,NA,22.5854746500651
1987,10,14.6451612903226,NA,15.1,14.671,NA,16.7125704857611
1987,11,8.5,NA,6.8,8.2505,NA,10.1073903401693
1987,12,2.83333333333333,NA,2.1,1.437,NA,3.50821296938006
1988,1,-1.61290322580645,NA,-1.1,-1.28,NA,0.559573068926434
1988,2,1.20689655172414,NA,0.5,0.339,NA,2.56875947097254
1988,3,6.2258064516129,NA,6.7,5.705,NA,8.49113592332412
1988,4,11.3333333333333,NA,12.2,12.3685,NA,13.4199462890625
1988,5,19.1666666666667,NA,19.6,19.211,NA,22.9295435751638
1988,6,24.1666666666667,NA,23.5,23.1245,NA,27.0243886311849
1988,7,27.0645161290323,NA,26.5,26.204,NA,30.625148453251
1988,8,26.4666666666667,NA,24.2,25.181,NA,29.497942327684
1988,9,21.3666666666667,NA,19.7,20.5955,NA,23.0718292236328
1988,10,12.5483870967742,NA,14.2,14.671,NA,14.0872741699219
1988,11,9.63333333333333,NA,8.2,8.2505,NA,10.2899648030599
1988,12,0.7,NA,2.4,1.437,NA,2.47541346396172
1989,1,1.51612903225806,NA,-1.8,-1.28,NA,3.81552990328883
1989,2,0.357142857142857,NA,1.1,0.339,NA,2.16421334402904
1989,3,5.93548387096774,NA,6.4,5.705,NA,8.28463036321827
1989,4,11.1,NA,10.7,12.3685,NA,13.7885233561198
1989,5,20.1290322580645,NA,19,19.211,NA,22.9434497464088
1989,6,23.5666666666667,NA,23.7,23.1245,NA,26.5684102376302
1989,7,26.3548387096774,NA,26.9,26.204,NA,28.7587888656124
1989,8,26.0645161290323,NA,26.7,25.181,NA,27.3368380638861
1989,9,22.0333333333333,NA,20.7,20.5955,NA,24.1554290771485
1989,10,16.5,NA,12.3,14.671,NA,17.6767182380923
1989,11,7.8,NA,9.3,8.2505,NA,8.81000061035158
1989,12,-5.86666666666667,NA,1.1,1.437,NA,-3.23263274162044
1990,1,3.80645161290323,NA,1.8,-1.28,NA,4.20976188413561
1990,2,2.89285714285714,NA,0.1,0.339,NA,5.09436187744143
1990,3,8.45161290322581,NA,5.8,5.705,NA,10.8659833354335
1990,4,12.9,NA,10.9,12.3685,NA,15.0494842529297
1990,5,16.7741935483871,NA,19.4,19.211,NA,20.0259318690146
1990,6,25.6,NA,22.8,23.1245,NA,27.041005452474
1990,7,27.1935483870968,NA,25.6,26.204,NA,28.9342600176412
1990,8,25.9032258064516,NA,24.5,25.181,NA,28.3948460732737
1990,9,22.0333333333333,NA,21.2,20.5955,NA,23.3201385498047
1990,10,18.1290322580645,NA,15.6,14.671,NA,19.3406911542339
1990,11,10.4666666666667,NA,7.4,8.2505,NA,11.1822896321615
1990,12,5.25806451612903,NA,-5.6,1.437,NA,6.20559968025456
1991,1,-0.129032258064516,NA,3.4,-1.28,-1.8,0.44768972089216
1991,2,4.07142857142857,NA,3.1,0.339,-0.1,4.92356044224333
1991,3,7.93548387096774,NA,7.9,5.705,4.9,9.05898831275204
1991,4,16,NA,12.1,12.3685,14.1966666666667,18.1352823893229
1991,5,22.741935483871,NA,16.2,19.211,20.3558333333333,25.4712788243448
1991,6,25.1,NA,23.9,23.1245,21.4716666666667,28.4911916097005
1991,7,26.0645161290323,NA,25.9,26.204,22.3323076923077,29.1719634025328
1991,8,26.258064516129,NA,25.4,25.181,24.7908333333333,29.1248314642137
1991,9,21.2666666666667,NA,20.8,20.5955,16.7429411764706,23.0654652913412
1991,10,16.3666666666667,NA,17.2,14.671,14.9183333333333,18.8692437941028
1991,11,7.9,NA,9.8,8.2505,7.11294117647059,9.58968505859377
1991,12,2.33333333333333,NA,4.9,1.437,3.95692307692308,3.42881509104085
1992,1,0.354838709677419,NA,-1.3,-1.28,3.28,1.47250937184982
1992,2,1.20689655172414,NA,3.7,0.339,3.56375,2.99690425478181
1992,3,3.93333333333333,NA,6.8,5.705,4.45545454545455,6.44378543976817
1992,4,10.2,NA,15.1,12.3685,8.64538461538462,13.4155537923177
1992,5,19.9259259259259,NA,21.7,19.211,15.655,23.0010698872228
1992,6,23.5,NA,24,23.1245,21.0463636363636,26.4235066731771
1992,7,24.0322580645161,NA,26,26.204,25.1054545454545,26.7866671654486
1992,8,23.5483870967742,NA,25.7,25.181,24.9,26.8686176915323
1992,9,21.2,NA,20,20.5955,21.0128571428571,23.2958648681641
1992,10,9.63636363636364,NA,15.9,14.671,14.0410526315789,14.9468027422505
1992,11,6.23333333333333,NA,7.6,8.2505,6.49181818181818,7.621918741862
1992,12,2,NA,2.8,1.437,3.4425,2.4826855074975
1993,1,0.263157894736842,NA,-0.8,-1.28,-0.831428571428571,2.21073254000758
1993,2,-2.17857142857143,NA,1,0.339,-3.78583333333333,-0.481052507672968
1993,3,4,NA,3.4,5.705,2.018,6.74568698021676
1993,4,13.3793103448276,NA,10.6,12.3685,11.46375,15.8170237223308
1993,5,20.8064516129032,NA,19.4,19.211,16.7322222222222,23.6956548875378
1993,6,24.0333333333333,NA,22.7,23.1245,20.1992857142857,27.3916859944662
1993,7,27.3225806451613,NA,24.2,26.204,20.667,30.202522327054
1993,8,26.2333333333333,NA,24,25.181,23.75,29.4004711520288
1993,9,19.9333333333333,NA,20.4,20.5955,19.9755555555556,22.2117268880209
1993,10,14.0322580645161,NA,12.7,14.671,14.100625,15.7661632907006
1993,11,8.86666666666667,NA,6.7,8.2505,8.32214285714286,9.92861328125002
1993,12,1.7741935483871,NA,1.4,1.437,6.63375,2.67459185200355
1994,1,-4.32258064516129,NA,-0.3,-1.28,-11.0133333333333,-3.68942969537548
1994,2,-1.39285714285714,NA,-2.3,0.339,-8.551875,-0.376692199707009
1994,3,4.7741935483871,NA,3.9,5.705,3.08833333333333,6.51658955235637
1994,4,13.8333333333333,NA,12.7,12.3685,15.9988888888889,15.9508361816406
1994,5,18.3548387096774,NA,20.1,19.211,17.0983333333333,21.0995885049143
1994,6,25.2,NA,23.6,23.1245,22.945,28.0063903808594
1994,7,28.1290322580645,NA,27.1,26.204,25.8061538461538,30.1609367124496
1994,8,24.8148148148148,NA,25.9,25.181,22.2044,27.0570479854461
1994,9,NA,NA,19.4,20.5955,17.6593333333333,21.916879272461
1994,10,15.9,NA,13.5,14.671,13.0447058823529,17.8615779753654
1994,11,11.5925925925926,NA,9,8.2505,NA,12.2523783365886
1994,12,4.07407407407407,NA,0.9,1.437,NA,5.34443595640123
1995,1,2.27586206896552,NA,-4.3,-1.28,NA,2.26807014711444
1995,2,-0.0869565217391304,NA,-1.39,0.339,NA,1.17798549107145
1995,3,8.21428571428571,NA,4.78,5.705,NA,9.20889951644408
1995,4,10.96,NA,13.94,12.3685,NA,13.5512186686198
1995,5,18.0645161290323,NA,18.37,19.211,NA,20.4214613391507
1995,6,20.5666666666667,NA,25.24,23.1245,NA,27.9648193359375
1995,7,26.2142857142857,NA,28.05,26.204,NA,30.2743675970262
1995,8,27,NA,24.91,25.181,NA,29.4648819461946
1995,9,20.8666666666667,NA,20.94,20.5955,NA,22.4422831217448
1995,10,17.4838709677419,NA,15.56,14.671,NA,19.4551360099547
1995,11,5.5,NA,11.52,8.2505,NA,6.95563863118492
1995,12,-1.45161290322581,NA,4.63,1.437,NA,-0.312535636655723
1996,1,-0.645161290322581,NA,2.76,-1.28,NA,0.758208047190043
1996,2,-0.103448275862069,NA,0.2,0.339,NA,1.23233368972254
1996,3,4.64516129032258,NA,8.21,5.705,NA,6.51645468434982
1996,4,11.7666666666667,NA,11.94,12.3685,NA,14.4613789876302
1996,5,17.6129032258065,NA,18.05,19.211,NA,20.7057227350051
1996,6,23.7333333333333,NA,18.3,23.1245,NA,27.2226470947266
1996,7,24.6774193548387,NA,25.65,26.204,NA,28.0391656691028
1996,8,25.9032258064516,NA,26.97,25.181,NA,29.2426253780242
1996,9,20.7333333333333,NA,20.74,20.5955,NA,23.3182891845703
1996,10,14.8387096774194,NA,17.24,14.671,NA,16.9415871897052
1996,11,6.48275862068965,NA,5.41,8.2505,NA,7.30885518391929
1996,12,3.93333333333333,NA,-1.45,1.437,NA,4.18935251543601
1997,1,-0.612903225806452,NA,-0.66,-1.28,NA,0.227951345136111
1997,2,3.62962962962963,NA,-0.13,0.339,NA,4.92944488525393
1997,3,4.25806451612903,NA,4.61,5.705,NA,5.52639849262855
1997,4,11,NA,11.89,12.3685,NA,13.8126251220703
1997,5,16.4838709677419,NA,17.6,19.211,NA,18.8342667118196
1997,6,24.7333333333333,NA,23.65,23.1245,NA,27.8199432373047
1997,7,26.1290322580645,NA,24.78,26.204,NA,28.7268310546875
1997,8,25,NA,25.84,25.181,NA,27.2592426915323
1997,9,20.9333333333333,NA,20.83,20.5955,NA,23.3240173339844
1997,10,14.4838709677419,NA,14.82,14.671,NA,16.620749984249
1997,11,6.13333333333333,NA,6.48,8.2505,NA,7.30366312662763
1997,12,3.1,NA,3.96,1.437,NA,2.93609304120466
1998,1,2,NA,NA,-1.28,NA,2.90874338457664
1998,2,4.10714285714286,NA,NA,0.339,NA,6.07400992257257
1998,3,7.17241379310345,NA,NA,5.705,NA,9.81434660880799
1998,4,14.3333333333333,NA,NA,12.3685,NA,16.5214599609375
1998,5,21.4333333333333,NA,NA,19.211,NA,23.9251608571699
1998,6,22.2,NA,NA,23.1245,NA,24.5927337646485
1998,7,26.6451612903226,NA,NA,26.204,NA,28.4133269279234
1998,8,27.1290322580645,NA,NA,25.181,NA,28.8918080975933
1998,9,23.3333333333333,NA,NA,20.5955,NA,25.2293497721354
1998,10,14.9,NA,NA,14.671,NA,16.7369402485509
1998,11,8.4,NA,NA,8.2505,NA,9.09635009765627
1998,12,6.41379310344828,NA,NA,1.437,NA,6.22254185830395
1999,1,1.06451612903226,NA,NA,-1.28,NA,0.381194871471797
1999,2,3.03571428571429,NA,NA,0.339,NA,4.08897770472938
1999,3,6.12903225806452,NA,NA,5.705,NA,7.7807556152344
1999,4,13.9,NA,NA,12.3685,NA,15.3300557454427
1999,5,20.6896551724138,NA,NA,19.211,NA,23.2024337276336
1999,6,26.6333333333333,NA,NA,23.1245,NA,28.888558959961
1999,7,28.5,NA,NA,26.204,NA,30.7241189279864
1999,8,26.3571428571429,NA,NA,25.181,NA,27.660057609312
1999,9,22.9666666666667,NA,NA,20.5955,NA,25.229721069336
1999,10,13.9310344827586,NA,NA,14.671,NA,16.7104460685484
1999,11,11.3103448275862,NA,NA,8.2505,NA,12.3818450927735
1999,12,3.19354838709677,NA,NA,1.437,NA,4.53477310672885
2000,1,-1.41935483870968,NA,NA,-1.28,NA,0.334165314705164
2000,2,2.03448275862069,NA,NA,0.339,NA,3.25843358533138
2000,3,9.53333333333333,NA,NA,5.705,NA,11.8076662125126
2000,4,11.0666666666667,NA,NA,12.3685,NA,14.2080017089844
2000,5,18.4,NA,NA,19.211,NA,21.9826510521674
2000,6,22.3103448275862,NA,NA,23.1245,NA,26.0715657552084
2000,7,23.9333333333333,NA,NA,26.204,NA,26.7500086630545
2000,8,23.5806451612903,NA,NA,25.181,NA,27.1408778036795
2000,9,20.8666666666667,NA,NA,20.5955,NA,23.2161763509115
2000,10,14.9354838709677,NA,NA,14.671,NA,17.6339621267011
2000,11,7.33333333333333,NA,NA,8.2505,NA,8.76760253906252
2000,12,-0.0666666666666667,NA,NA,1.437,NA,0.460655753843269
2001,1,-0.290322580645161,NA,NA,-1.28,NA,0.878178553427442
2001,2,1.25925925925926,NA,NA,0.339,NA,1.34440220424109
2001,3,2.86666666666667,3.9,NA,5.705,NA,4.21512510238157
2001,4,12.8620689655172,13.7,NA,12.3685,NA,15.8211781819662
2001,5,20.7741935483871,20.2,NA,19.211,NA,23.1140577746976
2001,6,24.3571428571429,25.2,NA,23.1245,NA,27.3464904785156
2001,7,25.2068965517241,25,NA,26.204,NA,27.3236141081779
2001,8,26.7586206896552,27.3,NA,25.181,NA,30.3588481287803
2001,9,22.2758620689655,21.6,NA,20.5955,NA,24.7992645263672
2001,10,16.9354838709677,16.5,NA,14.671,NA,19.3957675072455
2001,11,11.2758620689655,11.1,NA,8.2505,NA,12.5189280192058
2001,12,5.63333333333333,5.1,NA,1.437,NA,5.72912774855093
2002,1,3.13793103448276,3.1,NA,-1.28,NA,4.76133856004287
2002,2,5,4.7,NA,0.339,NA,6.26021401541576
2002,3,7.09677419354839,6.7,NA,5.705,NA,8.38323856476817
2002,4,15.0344827586207,14.1,NA,12.3685,NA,16.216059366862
2002,5,17.9677419354839,17.7,NA,19.211,NA,20.4487391318045
2002,6,23.6,23.1,NA,23.1245,NA,25.8213877360026
2002,7,NA,26.8,NA,26.204,NA,29.614896515877
2002,8,NA,27,NA,25.181,NA,30.4667356429562
2002,9,NA,23.4,NA,20.5955,NA,26.3124766031901
2002,10,NA,12.8,NA,14.671,NA,14.8697891727571
2002,11,NA,6.3,NA,8.2505,NA,7.9065368652344
2002,12,NA,1.3,NA,1.437,NA,1.6781929262223
2003,1,NA,-4.3,NA,-1.28,NA,-2.88012911888859
2003,2,NA,-1.6,NA,0.339,NA,-0.416478402273973
2003,3,NA,7.2,NA,5.705,NA,8.1252882434476
2003,4,NA,11,NA,12.3685,NA,12.8919993082683
2003,5,NA,17.3,NA,19.211,NA,19.7881743400328
2003,6,NA,22.8,NA,23.1245,NA,25.3172922770183
2003,7,NA,26.3,NA,26.204,NA,29.4164702384703
2003,8,NA,26.1,NA,25.181,NA,28.6728700699345
2003,9,NA,21.2,NA,20.5955,NA,23.7917409261068
2003,10,NA,13.8,NA,14.671,NA,16.5370245164441
2003,11,NA,10.2,NA,8.2505,NA,11.2172007242839
2003,12,NA,3,NA,1.437,NA,3.54861627394156
2004,1,NA,-6,NA,-1.28,NA,-4.25544413904988
2004,2,NA,1.8,NA,0.339,NA,3.19310597386856
2004,3,NA,6.5,NA,5.705,NA,8.55565303679438
2004,4,NA,13.6,NA,12.3685,NA,16.1319864908854
2004,5,NA,20.7,NA,19.211,NA,23.2554476830267
2004,6,NA,22.9,NA,23.1245,NA,25.7487894694011
2004,7,NA,25,NA,26.204,NA,27.2446483981225
2004,8,NA,25,NA,25.181,NA,27.6189642137097
2004,9,NA,22,NA,20.5955,NA,24.5937103271485
2004,10,NA,14.1,NA,14.671,NA,16.8550226026966
2004,11,NA,8.7,NA,8.2505,NA,10.7575795491537
2004,12,NA,1.5,NA,1.437,NA,3.61979212607109
2005,1,NA,-2.1,NA,-1.28,NA,-1.01647476688506
2005,2,NA,2.8,NA,0.339,NA,3.23453347342357
2005,3,NA,4.2,NA,5.705,NA,5.16507135206655
2005,4,NA,15.5,NA,12.3685,NA,17.5349812825521
2005,5,NA,15.4,NA,19.211,NA,18.4900392593876
2005,6,NA,25.7,NA,23.1245,NA,28.7222829182943
2005,7,NA,26.5,NA,26.204,NA,29.0395879930066
2005,8,NA,26.8,NA,25.181,NA,29.6996270948841
2005,9,NA,23.4,NA,20.5955,NA,26.5468851725261
2005,10,NA,13.9,NA,14.671,NA,17.4667720671623
2005,11,NA,9.9,NA,8.2505,NA,11.2799621582031
2005,12,NA,0.9,NA,1.437,NA,1.04885253906252
2006,1,NA,4,NA,-1.28,NA,4.44884545110889
2006,2,NA,1,NA,0.339,NA,2.89567718505862
2006,3,NA,6.5,NA,5.705,NA,8.38941394436746
2006,4,NA,14.8,NA,12.3685,NA,17.2441274007162
2006,5,NA,17.7,NA,19.211,NA,20.7937659478957
2006,6,NA,22.5,NA,23.1245,NA,25.5083017985026
2006,7,NA,27.3,NA,26.204,NA,30.1728454589844
2006,8,NA,24.6,NA,25.181,NA,27.4878843245968
2006,9,NA,20,NA,20.5955,NA,23.3025105794271
2006,10,NA,14.3,NA,14.671,NA,17.1140479303176
2006,11,NA,11.1,NA,8.2505,NA,12.348578898112
2006,12,NA,5.4,NA,1.437,NA,7.17078896799397
2007,1,NA,1,NA,-1.28,NA,2.76349054151968
2007,2,NA,-2.5,NA,0.339,NA,-0.761158098493281
2007,3,NA,5.5,NA,5.705,NA,7.41042185137351
2007,4,NA,10,NA,12.3685,NA,13.1824442545573
2007,5,NA,21.1,NA,19.211,NA,23.9801525485131
2007,6,NA,23.7,NA,23.1245,NA,26.6634480794271
2007,7,NA,25.9,NA,26.204,NA,28.1889439736643
2007,8,NA,25.5,NA,25.181,NA,28.8366667716734
2007,9,NA,22.8,NA,20.5955,NA,26.1396911621094
2007,10,NA,17.8,NA,14.671,NA,20.575579046434
2007,11,NA,6.9,NA,8.2505,NA,8.59321899414065
2007,12,NA,0.4,NA,1.437,NA,1.70029749716484
2008,1,NA,1.1,NA,-1.28,NA,2.4738235965852
2008,2,NA,0.7,NA,0.339,NA,2.08625025255929
2008,3,NA,4.8,NA,5.705,NA,5.92544437531504
2008,4,NA,15,NA,12.3685,NA,17.6031168619792
2008,5,NA,18.1,NA,19.211,NA,21.6199368384577
2008,6,NA,24.5,NA,23.1245,NA,27.0650594075521
2008,7,NA,26.7,NA,26.204,NA,29.2393521216608
2008,8,NA,24.5,NA,25.181,NA,26.9198340631301
2008,9,NA,21.6,NA,20.5955,NA,24.0460388183594
2008,10,NA,14.7,NA,14.671,NA,16.9818782683342
2008,11,NA,7.2,NA,8.2505,NA,9.15812784830731
2008,12,NA,1.8,NA,1.437,NA,3.55430140341484
2009,1,NA,-3.1,NA,-1.28,NA,-2.32731008222024
2009,2,NA,2.7,NA,0.339,NA,3.40715615408763
2009,3,NA,6.5,NA,5.705,NA,8.32121503276212
2009,4,NA,14.6,NA,12.3685,NA,16.8025014241537
2009,5,NA,19.1,NA,19.211,NA,21.5658675655242
2009,6,NA,21.6,NA,23.1245,NA,23.8812316894531
2009,7,NA,24,NA,26.204,NA,25.8706062563004
2009,8,NA,25.9,NA,25.181,NA,28.3642950242566
2009,9,NA,20.3,NA,20.5955,NA,23.203358968099
2009,10,NA,12.9,NA,14.671,NA,15.1621357579385
2009,11,NA,10.3,NA,8.2505,NA,12.3187957763672
2009,12,NA,0.8,NA,1.437,NA,1.98193930349045
2010,1,NA,-0.5,NA,-1.28,NA,0.936848105153753
2010,2,NA,0.9,NA,0.339,NA,3.40934034075058
2010,3,NA,9.3,NA,5.705,NA,11.7224266790575
2010,4,NA,16.1,NA,12.3685,NA,18.9765024820964
2010,5,NA,21.8,NA,19.211,NA,24.9134352161039
2010,6,NA,24,NA,23.1245,NA,26.8362823486328
2010,7,NA,28,NA,26.204,NA,31.2857319493448
2010,8,NA,25.9,NA,25.181,NA,29.2969821068549
2010,9,NA,22.6,NA,20.5955,NA,25.5184265136719
2010,10,NA,14.6,NA,14.671,NA,17.2583596506427
2010,11,NA,8.4,NA,8.2505,NA,10.3972839355469
2010,12,NA,0.6,NA,1.437,NA,1.90748035061746
2011,1,NA,-1.9,NA,-1.28,NA,-1.1074998424899
2011,2,NA,1,NA,0.339,NA,2.22020656040739
2011,3,NA,5.2,NA,5.705,NA,6.82752528036797
2011,4,NA,13.1,NA,12.3685,NA,15.104672241211
2011,5,NA,20.1,NA,19.211,NA,22.546049844065
2011,6,NA,23.1,NA,23.1245,NA,26.2412170410156
2011,7,NA,27.9,NA,26.204,NA,30.6423072076613
2011,8,NA,25.4,NA,25.181,NA,28.1818816154234
2011,9,NA,22.4,NA,20.5955,NA,24.6252868652344
2011,10,NA,14.5,NA,14.671,NA,17.2411910518523
2011,11,NA,12,NA,8.2505,NA,13.4580006917318
2011,12,NA,5.7,NA,1.437,NA,6.72263833322835
2012,1,NA,2.2,NA,-1.28,NA,3.36968186901464
2012,2,NA,4.5,NA,0.339,NA,6.54642060378504
2012,3,NA,11.5,NA,5.705,NA,13.9212555916079
2012,4,NA,14.6,NA,12.3685,NA,17.2337931315104
2012,5,NA,20.9,NA,19.211,NA,23.2696314657888
2012,6,NA,23.4,NA,23.1245,NA,25.8576700846354
2012,7,NA,28,NA,26.204,NA,30.1750023626512
2012,8,NA,27.2,NA,25.181,NA,29.9962835496472
2012,9,NA,21,NA,20.5955,NA,23.8385620117188
2012,10,NA,15,NA,14.671,NA,17.8619717505671
2012,11,NA,7.2,NA,8.2505,NA,8.57730611165367
2012,12,NA,3.6,NA,1.437,NA,4.61914141255043
2013,1,NA,0.6,NA,-1.28,NA,NA
2013,2,NA,0.5,NA,0.339,NA,NA
2013,3,NA,4.8,NA,5.705,NA,NA
2013,4,NA,13.1,NA,12.3685,NA,NA
2013,5,NA,20.4,NA,19.211,NA,NA
2013,6,NA,23.8,NA,23.1245,NA,NA
2013,7,NA,27.6,NA,26.204,NA,NA
2013,8,NA,24.6,NA,25.181,NA,NA
2013,9,NA,21,NA,20.5955,NA,NA
2013,10,NA,15.3,NA,14.671,NA,NA
2013,11,NA,7.1,NA,8.2505,NA,NA
2013,12,NA,1,NA,1.437,NA,NA
2014,1,NA,-1.6,NA,-1.28,NA,NA
2014,2,NA,-1,NA,0.339,NA,NA
2014,3,NA,2.4,NA,5.705,NA,NA
2014,4,NA,12.7,NA,12.3685,NA,NA
2014,5,NA,19,NA,19.211,NA,NA
2014,6,NA,24,NA,23.1245,NA,NA
2014,7,NA,25.9,NA,26.204,NA,NA
2014,8,NA,24.2,NA,25.181,NA,NA
2014,9,NA,21.2,NA,20.5955,NA,NA
2014,10,NA,15,NA,14.671,NA,NA
2014,11,NA,6.6,NA,8.2505,NA,NA
2014,12,NA,2.8,NA,1.437,NA,NA
2015,1,NA,-2.8,NA,-1.28,NA,NA
2015,2,NA,-5,NA,0.339,NA,NA
2015,3,NA,2.9,NA,5.705,NA,NA
2015,4,NA,11.9,NA,12.3685,NA,NA
2015,5,NA,23.1,NA,19.211,NA,NA
2015,6,NA,22.2,NA,23.1245,NA,NA
2015,7,NA,26.1,NA,26.204,NA,NA
2015,8,NA,26,NA,25.181,NA,NA
2015,9,NA,24.1,NA,20.5955,NA,NA
2015,10,NA,14.1,NA,14.671,NA,NA
2015,11,NA,10.9,NA,8.2505,NA,NA
2015,12,NA,8.1,NA,1.437,NA,NA
2016,1,NA,0.9,NA,-1.28,NA,NA
2016,2,NA,3.7,NA,0.339,NA,NA
2016,3,NA,9.4,NA,5.705,NA,NA
2016,4,NA,12.5,NA,12.3685,NA,NA
2016,5,NA,19,NA,19.211,NA,NA
2016,6,NA,24.4,NA,23.1245,NA,NA
2016,7,NA,28,NA,26.204,NA,NA
2016,8,NA,27.3,NA,25.181,NA,NA
2016,9,NA,22.6,NA,20.5955,NA,NA
2016,10,NA,15.6,NA,14.671,NA,NA
2016,11,NA,9.9,NA,8.2505,NA,NA
2016,12,NA,2.1,NA,1.437,NA,NA
2017,1,NA,2,NA,-1.28,NA,NA
2017,2,NA,4.9,NA,0.339,NA,NA
2017,3,NA,3.3,NA,5.705,NA,NA
2017,4,NA,NA,NA,12.3685,NA,NA
2017,5,NA,NA,NA,19.211,NA,NA
2017,6,NA,NA,NA,23.1245,NA,NA
2017,7,NA,NA,NA,26.204,NA,NA
2017,8,NA,NA,NA,25.181,NA,NA
2017,9,NA,NA,NA,20.5955,NA,NA
2017,10,NA,NA,NA,14.671,NA,NA
2017,11,NA,NA,NA,8.2505,NA,NA
2017,12,NA,NA,NA,1.437,NA,NA
