"","V1","V2","V3","V4","V5","V6","V7","V8","V9","V10","V11","V12","V13","V14","V15"
"1",300,755.555555555556,238.908573056885,-270.390655823997,1135.93123734972,888.861685488386,105.556715580605,296.287228496129,141.438403113237,0,20256.1765525016,148.29317280721,107.508857875598,26.8772144688996,291.493918281542
"2",234.570479068011,658.416063324731,220.56440237139,-203.99979519305,1051.33236264404,869.512186333956,125.062251587708,289.837395444652,129.230376873415,0,20410.5001833677,214.012996834907,99.2539810671255,24.8134952667814,313.729271432094
"3",277.916114639352,644.083100988115,218.493460121739,-3.66971619032457,1313.93621025896,949.167973500793,137.113631143793,316.389324500264,158.130251675571,0,20546.6040536016,243.042203083323,98.3220570547824,24.5805142636956,309.154336793444
"4",304.696958097317,703.087387778365,247.473765382013,5.24356488870018,1355.73582060591,974.401922693092,135.459986991926,324.800640897697,181.790326513869,0,20737.3830000544,274.748878370596,111.363194421906,27.8407986054765,276.52251358349
"5",301.022193315392,721.779201994883,260.857108106093,-101.174562837295,1208.00992845238,914.835680629297,132.601506816022,304.945226876432,188.592478540303,0,20942.2925694135,297.23675942812,117.385698647742,29.3464246619354,279.061024275323
"6",294.670015146716,677.656059725405,267.382708054408,-136.9591606724,1174.17129064282,856.300090110473,131.75553049765,285.433363370158,183.070500267259,0,21098.7571752541,312.523206874484,120.322218624483,30.0805546561209,299.077319838685
"7",292.790067772556,634.296363044794,275.242718714097,-94.9605254707357,1251.76777218059,854.78437594839,129.28148806958,284.92812531613,167.898308564536,0,21208.6848229083,324.352678988339,123.859223421344,30.964805855336,316.60668634544
"8",287.292195710178,633.173611813622,248.317247800266,-235.974099059471,995.859324170153,720.407597847589,121.147825364892,240.135865949196,175.040071305927,0,21315.1564421928,313.169247185331,111.74276151012,27.9356903775299,292.45148187493
"9",269.21738969976,533.635257664881,260.225415007656,-185.61909127419,1064.8741850281,671.405075749459,115.108701439526,223.801691916486,153.857489340459,0,21320.7546552106,314.006899556376,117.101436753445,29.2753591883613,291.496827471842
"10",255.797114310057,497.337093147747,226.054143634953,-116.796704185132,1045.82623596818,665.334214003891,116.104884237349,221.77807133463,155.19507178912,0,21290.5339194821,292.299283241662,101.724364635729,25.4310911589322,280.200089538173
"11",258.010853860775,492.840158521401,234.442604496633,-28.5916419114316,1166.04568449059,724.148169620663,108.300382798892,241.382723206888,150.031703210977,0,21256.2939815154,287.259539104989,105.499172023485,26.3747930058712,273.649905240998
"12",240.667517330872,536.406051570862,229.304002586576,-114.158969078995,1044.47198442172,709.857444175852,109.472979606559,236.619148058617,134.462166189854,0,21266.0057717278,281.307741328925,103.186801163959,25.7967002909898,276.795975632485
"13",243.273288014575,525.82032901915,211.05281119564,-34.2751265924535,1101.1296220352,741.794530837582,105.357433183532,247.264843612527,139.717154067387,0,21265.0718953894,268.118043174822,94.973765038038,23.7434412595095,268.613080637446
"14",234.127629296739,549.47743025006,215.42201142789,-132.253457873991,996.794621344999,703.411083071483,94.8862586886636,234.470361023828,132.317233863713,0,21287.3436405285,264.617912058401,96.9399051425503,24.2349762856376,268.044179703258
"15",210.858352641475,521.045246719617,191.076410169554,37.2504828301477,1090.21097584182,792.793191201786,97.5949198177492,264.264397067262,128.624885944367,0,21281.310122982,247.11204637916,85.9843845762993,21.4960961440748,256.740987568121
"16",216.877599594998,587.254215705026,194.163168181076,180.226759421097,1402.06085764151,1038.57466519855,117.545598565229,346.191555066185,127.224517796526,0,21340.3948426519,241.417037242794,87.3734256814843,21.8433564203711,380.402493499505
"17",261.212441256064,769.314566813744,219.200550155102,112.781702935682,1423.88400225601,1107.34520905998,124.613538591456,369.115069686659,140.375157894943,0,21577.3632693113,256.05803976541,98.6402475697961,24.660061892449,330.802482263504
"18",276.918974647681,820.255710414799,231.782147574361,-134.066171723652,1129.38280694157,936.780898074874,117.939910631487,312.260299358291,154.922810658815,0,21859.1799994017,270.564440188816,104.301966408463,26.0754916021157,285.422101076153
"19",262.088690292193,693.911776351758,237.77006417111,37.0290682189335,1289.61500495928,958.661398143959,110.824385714895,319.55379938132,150.06044194854,0,22009.1360819905,280.529378836447,106.996528876999,26.7491322192499,293.254949167636
"20",246.276412699766,710.119554180711,227.823644683409,-15.0195273162629,1194.60085510686,944.13160908403,105.741247931382,314.710536361343,141.037773136377,0,22171.4622591296,277.418722091305,102.520640107534,25.6301600268835,292.92754924705
"21",234.980550958626,699.356747469652,217.33734524054,134.854671068171,1346.05015510079,1060.84336709636,110.413700245618,353.614455698787,132.466206943094,0,22319.5587740076,271.605881273464,97.801805358243,24.4504513395607,315.831209924473
"22",245.363778323595,785.80990155286,224.272609518642,33.1877002150514,1295.83688146695,1057.8383687909,113.65096130175,352.612789596966,126.217590296704,0,22548.2227168157,270.593995729912,100.922674283389,25.2306685708472,307.317431447776
"23",252.557691781667,783.583976882147,217.074010942579,227.722811120209,1538.6777471512,1215.07765946823,122.564175574675,405.025886489409,133.732076820843,0,22769.7386384894,266.553601251569,97.6833049241605,24.4208262310401,346.377412620262
"24",272.36483461039,900.057525532019,226.731784917183,-192.735875029749,1027.18809896149,943.743256147943,101.391521953451,314.581085382648,149.294495741546,0,23100.5569669953,272.621414748563,102.029303212732,25.5073258031831,240.196370482667
"25",225.314493229891,699.069078628106,208.446194494091,-104.623146306226,979.916620597529,842.009412612946,106.870027012404,280.669804204315,141.025767723181,0,23225.6837236126,262.440237743425,93.8007875223409,23.4501968805852,262.014012278911
"26",237.488948916453,623.71067600959,215.520729879198,-9.5662306528958,1126.99106627944,855.920307280498,109.167837286588,285.306769093499,136.551082745301,0,23273.3099245997,261.065701981539,96.9843284456392,24.2460821114098,297.156353130514
"27",242.595193970195,634.015042429998,205.372466495716,-30.6859386241755,1049.48986320862,798.578280293559,108.081962661587,266.192760097853,146.947134991564,0,23330.1959793309,255.685630123837,92.417609923072,23.104402480768,237.668071942558
"28",240.182139247972,591.539466884118,216.323812348088,197.998549467009,1374.14383223694,975.490906341431,115.466303932166,325.163635447144,144.083200312299,0,23343.715115775,260.935612573758,97.3457155566396,24.3364288891599,301.711041445604
"29",256.591786515925,722.585856549208,230.497316224951,156.14365758509,1451.29745936102,1098.46222909518,127.097138238426,366.154076365058,141.637275498869,0,23486.04450092,272.563143182693,103.723792301228,25.930948075307,349.411958733513
"30",282.438084974279,813.675725255685,237.23606586763,-195.332449935264,1024.84932725712,847.667777546372,99.8641099943118,282.555925848791,155.630035284745,0,23714.2739638086,281.137259780017,106.756229640434,26.6890574101084,235.959846140917
"31",221.920244431804,627.902057441757,222.22374977099,-93.7996941478512,1011.8163959719,800.023452182761,101.124964836878,266.67448406092,130.356708630241,0,23754.1965680037,273.894877415877,100.000687396945,25.0001718492364,276.963763518117
"32",224.722144081951,592.609964579823,212.498083717947,156.999607964917,1353.4890093712,969.042294610137,108.860934165695,323.014098203379,117.452328539575,0,23758.2768434175,265.437750793643,95.6241376730762,23.9060344182691,314.885489745189
"33",241.913187034878,717.80910711862,203.804607426921,-31.2458125636418,1127.99744874093,902.623201981938,97.5857092732272,300.874400660646,128.822031851208,0,23885.618540835,256.254074189327,91.7120733421143,22.9280183355286,254.602925658737
"34",216.857131718283,668.60977924588,198.940159761823,-17.0426598505707,1107.90386259415,896.300261726623,103.334151076251,298.766753908874,122.566538638817,0,23961.407610293,247.132703261348,89.5230718928204,22.3807679732051,284.198062109689
"35",229.631446836114,663.926119797499,203.208545654495,50.0217875666407,1209.98801246025,939.390683631199,109.881715038937,313.130227877066,123.486188316142,0,24030.589968749,246.461056837584,91.443845544523,22.8609613861307,296.372766933066
"36",244.181588975416,695.844950837925,209.408108942921,92.205845362461,1291.3392597213,978.510127270536,121.244463656887,326.170042423512,131.22390808931,0,24129.7457216277,251.294948661024,94.2336490243144,23.5584122560786,284.003918486875
"37",269.432141459748,724.822316496694,225.487348336613,-46.9173036955722,1151.90037602272,862.907822284993,109.67509997979,287.635940761664,145.406895212262,0,24254.5896547972,263.47227169212,101.469306751476,25.367326687869,231.684676712439
"38",243.722444399532,639.190979470365,229.984591345254,62.5234637699298,1270.19301285637,925.143931273038,116.716030034765,308.381310424346,131.897696434771,0,24292.4515518719,271.766100533769,103.493066105364,25.8732665263411,301.848435222743
"39",259.36895563281,685.291800942991,229.680988344846,284.86274459845,1655.44129688535,1181.9366750821,128.015953983933,393.978891694035,132.777755805144,0,24374.6256423608,275.931315231423,103.35644475518,25.8391111887951,384.852648668794
"40",284.479897742074,875.508648208966,242.6289396312,-275.593059815907,983.571341828165,840.433924576961,96.5066304238559,280.144641525654,143.14786239642,0,24642.3370621565,286.862022877212,109.18302283404,27.29575570851,216.558638987857
"41",214.45917871968,622.543647834786,198.429785277588,-49.5007449350059,958.409439873086,789.796827899232,101.475807848134,263.265609299744,135.250965650574,0,24654.5021665428,261.774602400333,89.2934033749144,22.3233508437286,230.714957684771
"42",225.501795218075,585.034687332764,212.890949128783,22.8696982545372,1143.07754752514,828.916049899163,94.5140164687401,276.305349966388,122.650495353949,0,24628.9528020489,259.262671839562,95.8009271079525,23.9502317769881,255.458610901237
"43",210.031147708311,614.011888814195,193.236555948667,251.800309004425,1394.16166128543,1053.29454559149,106.267490310071,351.098181863831,116.026515393404,0,24632.4776214272,244.649277674696,86.9564501769,21.739112544225,294.998397389554
"44",236.149978466825,780.218181919624,201.298488268929,-54.9938115300397,1107.85596535226,959.263791786984,96.7763147213646,319.754597262328,124.746776641256,0,24800.1905874638,244.327383592765,90.5843197210178,22.6460799302545,261.078284973039
"45",215.058477158588,710.565771694062,202.329670492823,18.4287313708912,1155.20493063081,959.434033941673,104.468415301098,319.811344647224,113.440614710002,0,24894.9886005766,244.435639006991,91.0483517217702,22.7620879304426,269.523289603012
"46",232.152034002439,710.691876993832,199.636402131472,219.439401937721,1429.05718427379,1109.59424344313,119.56406290605,369.864747814377,120.245588154082,0,24986.9439491048,242.85795318732,89.8363809591623,22.4590952397906,299.97806110992
"47",265.697917569001,821.921661809726,218.245921998311,209.602792264633,1502.83162061285,1185.14477189107,119.998289288398,395.048257297023,138.399717942893,0,25186.2559035605,255.651120939227,98.2106648992401,24.55266622481,279.925289923151
"48",266.66286508533,877.885016215608,239.199594642643,-1.90904910771255,1266.8900187819,1088.25619841764,101.397219981333,362.752066139213,136.206706944014,0,25436.4356331935,275.828088065966,107.639817589189,26.9099543972973,256.464577242
"49",225.327155514074,806.115702531585,211.411748796932,-31.1674441298812,1120.0058354626,1018.81349345012,104.352170580542,339.604497816706,124.946751249786,0,25609.7978037469,266.442120475841,95.1352869586196,23.7838217396549,270.565385321944
"50",231.893712401205,754.676661814902,220.081974414206,-71.4176487661527,1115.32852439937,938.863922156556,94.4548393999061,312.954640718852,110.818093316487,0,25728.0143083846,265.489387276471,99.0368884863927,24.7592221215982,263.888847867795
"51",209.899643110903,695.454757153005,180.109252806543,36.9175456653675,1092.53631456632,938.829470784373,96.2371746117484,312.943156928124,117.367153649675,0,25785.3802359919,240.152067161041,81.0491637629442,20.2622909407361,239.025185577732
"52",213.860388026108,695.429237618054,187.690960050234,313.793484309992,1466.34378345869,1177.85600283551,112.87837932282,392.618667611836,119.80440582231,0,25841.1034019908,233.079507992427,84.4609320226053,21.1152330056513,295.955181794945
"53",250.8408429396,872.485928026302,221.139246742576,-61.855576218454,1191.65105901658,1057.67016845171,111.189135039318,352.556722817238,121.657677141091,0,26069.8004227185,252.330773061634,99.5126610341593,24.8781652585398,284.23588544127
"54",247.08696675404,783.459384038306,220.10353789136,-195.235943180832,1007.80305401551,861.562770969782,88.1817061767985,287.187590323261,121.181115104725,0,26205.1447405176,260.500502791935,99.046592051112,24.761648012778,249.562909876765
"55",195.959347059552,638.194645162801,177.399996769167,230.993222634796,1331.83076192891,1077.36875784919,102.593339139863,359.122919283062,117.92703072954,0,26194.3633933413,235.731348369366,79.8299985461254,19.9574996365313,298.645341298976
"56",227.985198088583,798.050931740138,214.442218530891,-15.7026641241066,1218.33660066145,1036.0558622948,94.4046063887625,345.351954098266,105.990962746737,0,26341.0019193968,248.028588842227,96.4989983389011,24.1247495847253,273.353421919156
"57",209.78801419725,767.448786885035,173.499566200117,-50.0348350471977,999.969009708422,937.580837690033,97.5174481478735,312.526945896678,119.131864746643,0,26454.5762766141,228.233225565649,78.0748047900529,19.5187011975132,226.555396575772
"58",216.705440328608,694.504324214839,197.267657796407,-160.670727041755,936.083003033527,804.620337624581,81.4308543919675,268.206779208194,114.433257523528,0,26492.9893933435,234.146747841479,88.7704460083833,22.1926115020958,234.242593578868
"59",180.957454204372,596.015064907097,166.035909201858,152.926145082539,1167.72221089447,953.430400177774,95.5583054045613,317.810133392591,109.183608240581,0,26433.610866431,216.370025116373,74.7161591408363,18.6790397852091,250.695853693484
"60",212.351789787914,706.244740872425,196.449574168647,68.590399216795,1231.41837458157,1005.55650771835,94.5975181170464,335.185502572785,101.395025203948,0,26484.1251596477,228.476445729149,88.4023083758912,22.1005770939728,265.166806862667
"61",210.21670692677,744.856672383966,175.594551390382,152.595872144903,1304.95562978782,1106.85972895181,112.190718731687,368.953242983937,112.80057815528,0,26571.463698151,219.949392638111,79.0175481256719,19.754387031418,290.791021816543
"62",249.312708292638,819.89609551986,211.915109131406,-30.8394229910495,1212.56331089498,1020.367574506,99.861571371802,340.122524835332,122.617967623105,0,26730.932744491,242.519983432614,95.3617991091326,23.8404497772831,259.300794123869
"63",221.914603048449,755.827832967405,185.36296907993,91.1716402247907,1187.15173995448,1032.23847798222,105.020278013855,344.079492660742,134.661104173281,0,26823.234695814,233.045293579892,83.4133360859683,20.8533340214921,234.269088760263
"64",233.378395586344,764.621094801648,209.730115701197,65.0499640666523,1217.6237676627,1029.72990327579,101.118669038996,343.243301091931,132.349918053529,0,26921.8899257328,244.830011465447,94.3785520655384,23.5946380163846,237.095953844635
"65",224.708153419991,762.762891315401,200.549113405588,-155.064817812889,868.653841000489,836.137434036242,92.3990525365967,278.712478012081,131.531278808363,0,27016.2557144886,243.526855056979,90.2471010325147,22.5617752581287,189.439839620865
"66",205.331227859104,619.361062249068,191.671939089267,-79.071399120695,912.372569665951,770.346297372484,96.5618029099635,256.782099124161,122.261545553674,0,26967.2822640861,237.542944728902,86.2523725901701,21.5630931475425,210.263535356719
"67",214.581784244363,570.626886942581,193.472671933043,-87.6722710350892,950.159361853584,732.827020069674,106.365584770192,244.275673356558,119.494071041395,0,26871.6434259296,236.505559329129,87.0627023698692,21.7656755924673,251.096512603857
"68",236.367966155983,542.83482968124,204.12674749884,54.8920948223061,1166.84757839177,802.26825494056,110.528981794509,267.422751646853,125.546908739204,0,26751.0771467693,243.54873713583,91.8570363744779,22.9642590936195,255.916477468683
"69",245.619959543353,594.272781437452,217.428193656738,15.3907443783963,1186.12046602912,832.465012265132,97.9736030135965,277.488337421711,126.458826250775,0,26683.5698852909,255.03552244309,97.8426871455321,24.460671786383,254.152374255706
"70",217.719117807992,616.640749826024,203.724503254463,86.186486726394,1235.40752451664,936.840134627779,107.597258357715,312.280044875926,116.134972732824,0,26639.8379420844,250.589216683424,91.6760264645084,22.9190066161271,284.259285492856
"71",239.105018572701,693.955655279836,211.041555335947,66.3019908412453,1265.60049169953,974.655745733991,104.689837818895,324.885248577997,117.649914670608,0,26673.3733131231,254.059895439607,94.9686999011764,23.7421749752941,262.177762884016
"72",232.644084041989,721.967219062216,205.530909725014,47.2585330330213,1232.73333233492,999.556775532695,104.1846622926,333.185591844232,118.929544211822,0,26733.8920199925,252.985349378654,92.4889093762563,23.1222273440641,273.149032200765
"73",231.521471761333,740.412426320515,196.8453838627,80.8357633925655,1222.5092811495,1035.5865314911,117.27873989772,345.195510497032,127.992917636038,0,26811.1971160063,245.860864831268,88.5804227382148,22.1451056845537,279.416436249747
"74",260.619421994934,767.10113443785,241.712181682864,3.34039544185773,1325.28657970835,1014.09971021569,118.445036494318,338.033236738562,117.81681347758,0,26912.0854747607,271.164337934029,108.770481757289,27.1926204393222,294.023208210285
"75",263.211192209596,751.184970530137,215.571751734081,-34.4297765044495,1164.80435743305,943.025043809638,113.570327218034,314.341681269879,136.440487835459,0,26995.2722036978,266.38526042476,97.0072882803363,24.2518220700841,270.302566612341
"76",252.378504928964,698.53706948862,231.361049666312,141.07285453312,1422.45051718188,1059.41792227885,121.964410745021,353.139307426285,129.328079484386,0,27024.7994657335,274.235092641278,104.112472349841,26.0281180874601,310.439562344761
"77",271.032023877824,784.754016502855,230.028219829866,53.8232829485177,1313.06867856093,1038.84346947718,117.68420606312,346.281156492395,140.353328396689,0,27137.9912955032,274.963273990094,103.51269892344,25.8781747308599,266.714709635218
"78",261.520457918043,769.51368109421,236.093593296741,93.9719106958084,1360.23313000938,1064.54641253918,120.395883476734,354.848804179726,136.676977309977,0,27233.2189678062,280.691579345218,106.242116983533,26.5605292458834,271.684930375824
"79",267.546407726075,788.552898177169,228.384425340527,33.8635190655919,1241.11550439989,1019.6100018858,123.17671761607,339.870000628601,146.229513606162,0,27345.5395056555,279.236522872306,102.772991403237,25.6932478508093,258.224190546885
"80",273.726039146823,755.266668063559,251.33692131216,48.5782858947284,1363.03518146218,1039.51044495729,125.673878189289,346.50348165243,138.104316009741,0,27421.8945762134,292.948945838246,113.101614590472,28.275403647618,309.591415936553
"81",279.275284865087,770.007737005399,240.844158726652,-128.046300502473,1067.70476144068,865.339702360313,109.899083861046,288.446567453438,145.597361677584,0,27511.1304823516,292.527319757985,108.379871426993,27.0949678567483,228.656592201019
"82",244.22018635788,640.99237211875,229.275993265567,9.7279367771904,1158.05164654743,884.035613443166,118.607751835708,294.678537814389,133.25358621829,0,27471.054941441,282.944278391529,103.174196969505,25.7935492423763,273.096797501032
"83",263.572781857128,654.841195143086,221.784369502796,75.0763016491354,1239.79239057788,926.8603807687,130.50306651162,308.953460256233,145.912415768123,0,27445.92753049,276.750579457739,99.8029662762583,24.9507415690646,279.212795508047
"84",290.006814470267,686.563245013852,259.759209242136,-263.653360194129,978.812664532626,699.698406038647,106.476196945917,233.232802012882,143.912349433701,0,27452.4609199039,298.005946024878,116.891644158961,29.2229110397403,250.229909918415
"85",236.613770990926,518.295115584183,224.535732249807,7.51596219664551,1121.48018606075,761.130433065141,107.311291479905,253.710144355047,129.522314422605,0,27293.3664291756,284.374398803547,101.041079512413,25.2602698781032,260.388705665073
"86",238.469536622012,563.800320788993,210.938082823878,200.917546690906,1427.92642991419,997.420921240537,124.048723443693,332.473640413512,130.570088523239,0,27182.6493961608,268.758468928165,94.9221372707452,23.7305343176863,346.471039510618
"87",275.663829874873,738.830312030028,226.311806307367,178.337566699592,1413.28811791279,1065.23123018879,125.340873089392,355.077076729596,149.526831524416,0,27246.7799277256,271.447420962209,101.840312838315,25.4600782095788,249.170853801366
"88",278.535273531983,789.060170510213,246.84704279763,-121.977897370549,1073.86662687966,898.378726473184,115.433231245874,299.459575491061,150.2759468706,0,27358.9429256031,286.354345217111,111.081169258933,27.7702923147333,240.166335009456
"89",256.518291657498,665.465723313469,244.340528252524,-8.23891539894693,1183.62469863829,904.700521774318,122.89978688933,301.566840591439,133.747624506669,0,27346.8665258775,291.489746871561,109.953237713636,27.4883094284089,290.558611646017
"90",273.110637531845,670.148534647643,235.006215821128,180.691185079375,1487.68498043383,1064.88863834729,142.646681816476,354.962879449096,141.603404766438,0,27339.8535634086,287.850823475061,105.752797119507,26.4381992798769,348.639345344365
"91",316.992626258836,788.806398775768,275.617129930102,23.8065722061785,1432.68894889919,1027.506836118,129.296041317068,342.502278706001,147.834424345161,0,27449.5845325004,314.493529416829,124.027708468546,31.0069271171365,298.606247368409
"92",287.324536260151,761.116174902225,261.354096966779,34.4818354660863,1381.67463365718,1032.01173084167,124.682579062702,344.003910280558,141.805483800433,0,27528.9268219234,314.010720977878,117.609343635051,29.4023359087627,307.764135079023
"93",277.072397917116,764.453133956796,225.744974063236,136.956555376902,1315.93326755247,1062.63894784074,135.231782476249,354.21298261358,162.603855686811,0,27610.3593071549,292.756310991757,101.585238328456,25.3963095821141,262.679619950937
"94",300.515072169442,787.139961363512,270.771140371382,-212.719131421042,1001.00624278143,816.68722861033,117.145634014237,272.229076203443,158.911641013284,0,27711.8281000239,311.979733033674,121.847013167122,30.4617532917805,231.138997888679
"95",260.323631142748,604.953502674318,252.627371796261,-92.7646899440175,1155.61200815553,829.294979711057,134.453021694128,276.431659903686,137.417695098043,0,27631.6405326226,308.715566736863,113.682317308317,28.4205793270793,364.933697195282
"96",298.784492653618,614.292577563746,244.011192217522,-141.12471848931,1021.30595532276,691.103600429109,108.716891370958,230.367866809703,159.262406366058,0,27562.5902035568,302.173582751043,109.805036497885,27.4512591244713,229.894723704492
"97",241.593091935463,511.928592910451,229.388268770838,-14.9609427633025,1070.26331628337,726.863244731243,114.297447800808,242.287748243748,144.440566977501,0,27394.3451759576,288.298907697915,103.224720946877,25.8061802367193,251.774262941915
"98",253.994328446241,538.417218319439,222.266867622011,152.122463292666,1352.35649022282,912.697912436844,140.936227172454,304.232637478948,147.990259111832,0,27256.3637135612,278.324472499613,100.020090429905,25.0050226074762,338.502584858974
"99",313.191615938788,676.072527730995,267.382812301659,-28.0541965730516,1286.96469910861,860.031844413749,129.455623306176,286.67728147125,159.137616001311,0,27257.3712396003,304.565307827721,120.322265535747,30.0805663839366,279.123029093055
"100",287.679162902613,637.060625491666,253.452625960484,-33.2550223301625,1162.23744430761,807.978127896923,122.187789954808,269.326042632308,161.428078828672,0,27219.8800458827,306.089881256066,114.053681682218,28.5134204205545,245.276775576305
"101",271.528422121796,598.502316960684,255.007673018341,-59.863404567986,1117.36049549907,776.784872978511,113.729172295569,258.928290992837,147.608389807219,0,27145.4223591726,308.632371044294,114.753452858253,28.6883632145633,258.594378338913
"102",252.731493990154,575.396202206304,234.501893475048,-31.9022421770325,1101.73630315963,780.461264241175,126.867823194703,260.153754747058,137.633567254872,0,27050.0510708169,295.116264074608,105.525852063771,26.3814630159429,274.655418949097
"103",281.92849598823,578.119454993463,225.662417269607,138.153196495317,1309.90291229113,881.465687098515,138.838807145493,293.821895699505,162.886016158802,0,26959.3744888691,284.063561235177,101.548087771323,25.3870219428308,279.042460037839
"104",308.53068254554,652.9375459989,252.275869831756,119.780303569941,1320.72489710973,914.789909128175,127.69909479155,304.929969709392,185.134312245134,0,26944.4660549185,296.282281664762,113.52414142429,28.3810353560726,251.657900511709
"105",283.775766203444,677.622154909759,254.318599637933,16.3640416731249,1165.75094933291,897.436759793748,116.372789261033,299.145586597916,183.034919694827,0,26954.5749715042,302.350777040643,114.44336983707,28.6108424592674,271.796224777529
"106",258.60619835785,664.767970217591,245.558739118819,-19.9501177488332,1112.51693456769,885.875947630825,123.375060494534,295.291982543608,167.152274859088,0,26951.7690521624,299.95991113218,110.501432603469,27.6253581508671,288.290872178929
"107",274.166801098964,656.204405652463,254.965694127559,13.6456536753181,1207.89563205459,900.124823475904,128.575124343914,300.041607825301,155.749630544002,0,26940.5596306174,305.18707648776,114.734562357402,28.6836405893504,294.774440305029
"108",285.722498542031,666.75912850067,240.038851679854,-159.377771609017,955.51497076913,749.394488603652,115.193120012224,249.798162867884,169.860541905978,0,26940.3590793506,299.12475769544,108.017483255934,27.0043708139835,265.046744490125
"109",255.984711138275,555.107028595298,249.67759830563,-95.8115013815433,1017.1440951003,711.547846515741,113.948444139912,237.182615505247,147.448213645975,0,26829.9460270588,300.635555034288,112.354919237533,28.0887298093834,263.755760580085
"110",253.218764755361,527.072478900549,220.743831804366,-77.7644051725586,979.744414154534,681.574973468083,116.571682153191,227.191657822694,151.84197222388,0,26694.6794956438,282.811530745741,99.3347243119645,24.8336810779911,259.040051887449
"111",259.048182562646,504.870350717098,232.848478718559,10.9773458140642,1118.36015314545,734.381989822528,118.390675844541,244.793996607509,149.226251827721,0,26540.5172273142,281.999438344706,104.781815423351,26.1954538558379,265.906536472819
"112",263.090390765646,543.986659127798,240.946272302949,-92.7937172568183,1012.37919448018,688.075607062601,110.248048849189,229.358535687534,142.049502810067,0,26428.8567831053,286.886309881444,108.425822536327,27.1064556340817,257.294957857099
"113",244.995664109309,509.685634861186,216.731399789923,-32.1971966875535,1015.59384026421,702.016062306471,112.123430640248,234.005354102157,143.105058221147,0,26286.1677718469,274.365030176434,97.5291299054655,24.3822824763664,251.288271004631
"114",249.163179200552,520.011898004794,225.636524407082,-115.659689311923,944.968255758896,651.868173486726,105.922303130617,217.289391162242,138.894938539474,0,26157.0248470025,274.346309283753,101.536435983187,25.3841089957967,246.30938476571
"115",235.382895845815,482.865313693871,207.773348763612,53.5830238253793,1074.5080151996,736.62583233859,110.58458090042,245.541944112863,140.36902917755,0,25994.6766604425,262.816388861874,93.4980069436254,23.3745017359064,246.646188226369
"116",245.743513112044,545.648764695252,216.595270985544,66.3941575991428,1242.65012654425,877.340302680038,133.683677861916,292.446767560013,142.235479105526,0,25897.9003498253,263.633233806298,97.4678719434948,24.3669679858737,361.386468744999
"117",297.074839693146,649.881705688917,247.725224702259,61.3521242568931,1314.46626882988,911.50663592215,142.299069169938,303.835545307383,158.781044818321,0,25906.1912691644,285.294997086699,111.476351116016,27.8690877790041,309.270217859186
"118",316.220153710973,675.190100683074,263.722588686685,-135.084640172723,1089.99026251028,764.239563681027,134.211280712988,254.746521227009,176.360062112929,0,25939.5892503585,305.16226447248,118.675164909008,29.668791227252,277.13356165487
"119",298.247290473307,566.103380504464,270.614390751241,-6.43972324515242,1217.22390231546,776.820180709375,126.941319227813,258.940060236458,170.785552903273,0,25864.2816752585,318.037625666574,121.776475838059,30.4441189595146,292.362625334293
"120",282.091820506252,575.422356081018,260.245157422549,-68.3345309228559,1108.58090532671,744.915433620885,121.018167119145,248.305144540295,161.169969468569,0,25800.042481406,315.832188202832,117.110320840147,29.2775802100367,282.891845246905
"121",268.929260264766,551.789210089544,248.578763446397,43.4628483397529,1241.1393051431,839.42587769292,128.981976785864,279.80862589764,151.520305717381,0,25714.3622415705,309.996126686814,111.860443550879,27.9651108877197,326.681214127981
"122",286.626615079698,621.7969464392,259.841933379617,25.2771392830278,1271.00864523797,866.710096439108,133.263993000481,288.903365479703,146.394301742247,0,25698.954037405,311.454457640026,116.928870020828,29.2322175052069,301.171107204204
"123",296.142206667736,642.007478843783,253.491811073639,136.2129341663,1424.98747481124,978.261919716337,149.396114664714,326.087306572112,156.26182903115,0,25704.3030662963,309.264365076734,114.071314983138,28.5178287457844,340.480510170401
"124",331.991365921586,724.638459049139,272.101895642248,-212.640580256872,1008.35965741344,730.82719680025,105.917373307889,243.609065600083,179.550889022802,0,25790.9025534694,322.50186102084,122.445853039011,30.6114632597529,237.770938238803
"125",235.371940684198,541.353479111297,232.491307787207,-147.017762699172,887.143902515783,663.757937815171,112.780181592252,221.25264593839,155.988186504033,0,25695.1424531005,300.687710592555,104.621088504243,26.1552721260608,266.999645881159
"126",250.622625760561,491.672546529756,232.041443750513,-20.831113221562,1068.47337679517,713.785738579934,126.823339064347,237.928579526645,146.606587891144,0,25552.6030256422,289.09626414647,104.418649687731,26.1046624219327,297.650635778351
"127",281.829642365217,528.730176725877,231.198320192409,-41.4198194363162,1036.68807162142,672.012095535438,115.547880889527,224.004031845146,166.164966825025,0,25450.2453701384,285.83754531185,104.039244086584,26.009811021646,243.158991315882
"128",256.773068643393,497.786737433658,236.985883029281,75.8735303547939,1226.28268331666,807.496438618574,127.605161438239,269.165479539525,157.312522036932,0,25319.7833735121,288.302361205768,106.643647363176,26.6609118407941,322.229397361639
"129",283.56702541831,598.145510087833,253.485340066396,46.6315636453544,1311.97326075439,887.388788047238,146.793383275787,295.796262682413,155.868938096185,0,25291.4091595191,300.372083319428,114.068403029878,28.5171007574695,357.118992713265
"130",326.207518390637,657.325028183139,269.094719787834,-202.246865963614,1011.55296515689,676.449930684251,113.897965130838,225.483310228084,176.997300862576,0,25321.7386905551,315.057887384944,121.092623904525,30.2731559761313,242.09714032937
"131",253.106589179641,501.074022729075,253.12209852573,-115.405696858661,984.167374595879,651.100061276785,117.062732220144,217.033353758928,148.507106366951,0,25197.6229564264,309.671460484863,113.904944336578,28.4762360841446,279.253595684694
"132",260.139404933654,482.296341686508,244.384013439139,90.3603402543463,1298.46582067003,810.465179665229,130.83950980447,270.15505988841,135.193757200112,0,25057.9445972179,302.916980303558,109.972806047613,27.4932015119032,336.898083099987
"133",290.754466232155,600.3445775298,241.097558036938,-103.006960820191,1070.05751401431,717.624729156844,116.71273072907,239.208243052281,152.761499296652,0,25037.9713200839,298.268123287005,108.493901116622,27.1234752791555,262.982782958416
"134",259.361623842377,531.573873449514,237.082244665005,-75.256128382395,1060.24492554367,706.894359771555,121.891091245037,235.631453257185,146.141188031473,0,24950.7753210487,291.348288783298,106.687010099252,26.6717525248131,293.522904927401
"135",270.869091655638,523.625451682633,240.718292908687,-17.8188475523721,1158.63268028562,748.098554431874,128.181094342731,249.366184810625,146.196098951502,0,24857.7640820606,291.308875131253,108.323231808909,27.0808079522273,316.945076691285
"136",284.84687631718,554.147077356944,245.664860394879,-3.18509707963739,1210.25518871866,770.951064681502,137.297900492487,256.983688227167,153.822616487149,0,24797.255068621,295.749935194994,110.549187177696,27.6372967944239,311.099536909883
"137",305.10644553886,571.074862727039,258.674240525913,-53.531780208457,1136.0957006,698.265761719907,127.099164843764,232.755253906636,166.510748939636,0,24754.5539661094,305.525792426444,116.403408236661,29.1008520591652,242.990324921856
"138",282.442588541698,517.233897570302,265.196678129958,-28.7271337863931,1196.85172606625,738.884445349211,133.414214309741,246.294815116404,152.197442020581,0,24660.1741105269,314.167819335021,119.338505158481,29.8346262896203,327.865924401836
"139",296.476031799424,547.321811369786,263.487890201451,120.39993157997,1484.46123030905,915.354982766689,149.22668309766,305.118327588896,152.244381811094,0,24597.5970908305,317.600351203139,118.569550590653,29.6423876476632,403.421037747232
"140",331.614851328134,678.040727975325,281.160447798332,-289.823884383299,967.425840791361,624.836995277613,106.004714389168,208.278998425871,166.022794610603,0,24665.4549098078,331.489286716822,126.52220150925,31.6305503773124,228.857917653343
"141",235.566031975928,462.842218724158,223.431814263766,-63.5004608430837,933.987935498228,622.326980223292,115.241888366238,207.442326741097,151.807511446875,0,24519.812358897,298.455780214921,100.544316418695,25.1360791046737,245.488743956673
"142",256.093085258307,460.98294831355,240.589874734079,-3.0170883529998,1120.53041122431,681.74921835188,111.646780782565,227.249739450627,138.694040011096,0,24375.5070117768,294.188154596591,108.265443630336,27.0663609075839,272.545226372504
"143",248.103957294589,504.999421001393,224.23443277618,193.195679012425,1372.192393808,900.197622051444,130.675960834724,300.065874017148,134.950238390344,0,24277.976506493,280.985984654621,100.905494749281,25.2263736873202,329.838556585931
"144",290.391024077165,666.81305337144,242.523194556434,-103.936998056828,1093.90858246484,786.094392364176,118.587516742369,262.031464121392,150.747425571402,0,24342.6637755741,288.304927702014,109.135437550395,27.2838593875988,272.697862029388
"145",263.527814983042,582.292142491982,246.517450430103,-51.7050989062275,1121.03706452377,769.0319416467,123.902066977886,256.3439805489,138.323540495661,0,24322.3504358807,293.648281584209,110.932852693546,27.7332131733866,291.250443075479
"146",275.337926617524,569.653290108667,239.236345588598,151.07226916867,1396.63590932491,921.168227013903,139.734844848835,307.056075671301,143.900874542977,0,24289.5658378924,291.308596303546,107.656355514869,26.9140888787173,339.430891073036
"147",310.521877441856,682.346834825113,257.227571160605,141.918903550727,1448.19196217863,980.323877125049,142.793352862941,326.77462570835,162.927648440535,0,24368.5825942161,303.537663805719,115.752407022272,28.9381017555681,300.371145587957
"148",317.318561917648,726.165834907443,283.464909731251,-38.1941886038902,1251.93854198197,887.61732754111,126.538233988828,295.872442513703,161.506133063526,0,24489.3368192653,327.153278105514,127.559209379063,31.8898023447658,273.170408679536
"149",281.196075530729,657.494316697119,258.285360150923,-94.8359284081533,1099.11180055821,806.638494463089,126.36809749115,268.879498154363,153.068673888372,0,24539.4904581292,321.220228776896,116.228412067915,29.0571030169789,296.262116282555
"150",280.817994424778,597.509995898585,267.732386025805,-152.154848035941,1058.37537059439,708.908155908706,112.356612531,236.302718636235,134.725828019544,0,24529.1496176208,321.645705100749,120.479573711612,30.1198934279031,284.758328465973
"151",249.681361179999,525.117152524967,216.094174617306,-19.9898473862269,1045.70612495254,716.59003643368,112.306093114791,238.863345477893,140.643701281521,0,24448.0573318716,289.487555307928,97.2423785777876,24.3105946444469,261.718806818071
"152",249.569095810646,530.807434395318,221.395450327065,210.569538994633,1383.37134340178,940.711651371746,130.21079197566,313.570550457249,141.092994054949,0,24374.3767210491,277.662047973946,99.6279526471792,24.9069881617948,337.352936804159
"153",289.357315501467,696.823445460552,257.045497418004,-89.4037746475562,1167.75789878997,850.529379607404,127.010064156803,283.509793202468,141.256011870541,0,24465.9421479056,296.275132174732,115.670473838102,28.9176184595254,305.748699798237
"154",282.244587015117,630.021762672151,252.966158913046,-224.975775540391,973.819508217452,672.712101965744,104.805137097305,224.237367321915,139.147904284688,0,24489.4028186846,302.165433630009,113.83477151087,28.4586928777176,268.252557657928
"155",232.900304660677,498.305260715366,207.759647795381,169.97407567473,1296.16342275163,883.287266200264,117.969202341092,294.429088733421,138.401535086474,0,24382.7714552893,274.832657718722,93.4918415079214,23.3729603769804,326.212227657444
"156",262.153782980205,654.286863852048,248.52640150192,-63.6499558451948,1182.78740709346,848.474470082858,109.821306129279,282.824823360953,122.706958247965,0,24432.1150165379,288.145998295455,111.836880675864,27.959220168966,298.272355896554
"157",244.047346953953,628.499607468784,201.461919907941,-77.8860747906555,982.245968136993,761.306192011182,114.253688427365,253.768730670394,138.369376599732,0,24455.3915026677,265.088886263734,90.6578639585733,22.6644659896433,245.850710667943
"158",253.897085394145,563.930512600875,230.324792342762,-187.34904784929,927.610688430295,636.51220580077,98.303263596032,212.170735266923,133.672901207416,0,24414.0609376617,272.777179436338,103.646156554243,25.9115391385607,252.88483738844
"159",218.451696880071,471.490522815385,197.614384261436,117.254663823217,1159.4445577319,783.056553943661,116.228557901349,261.018851314554,130.194864334777,0,24282.8231564089,254.935482139448,88.9264729176461,22.2316182294115,273.043856498172
"160",258.28568422522,580.041891810119,237.15866955257,22.5837083651527,1227.03243405781,824.882532260692,112.358739123304,274.960844086897,122.528827215499,0,24261.584334038,273.049638771002,106.721401298656,26.6803503246641,286.897590744121
"161",249.686086940675,611.024097970883,209.907027308037,104.641874755787,1282.54366903297,924.460798539969,125.857613932112,308.153599513323,134.715440312719,0,24271.4003802361,262.868681811238,94.4581622886166,23.6145405721541,317.090149862333
"162",279.683586515804,684.785776696273,243.147030668793,-53.0364957159803,1191.03033542977,856.417852665244,115.184199872739,285.472617555081,140.244299624791,0,24353.9118319661,282.848956456696,109.416163800957,27.3540409502392,282.276840027711
"163",255.964888606086,634.383594566848,213.078136825001,60.131449390349,1168.67652218297,870.530035163709,119.578168766701,290.176678387903,154.871085834954,0,24384.619963526,269.723688077455,95.8851615712503,23.9712903928126,256.038366184483
"164",265.729263926002,644.837063084229,239.797184137011,39.0623277635951,1203.42315587607,874.967558198028,116.044460094945,291.655852732676,151.232774429632,0,24424.8255400156,281.370121091525,107.908732861655,26.9771832154137,259.20317129708
"165",257.876577988766,648.124117183724,229.737259806775,-168.691188612612,866.994188988095,695.057968626393,101.844951676299,231.685989542131,150.712719065163,0,24467.239546724,279.383765192584,103.381766913049,25.8454417282622,207.056286148803
"166",226.32211483622,514.857754538069,214.931062336779,-79.6827323661985,909.143486893868,656.523769865141,106.457115142425,218.841256621714,136.784921801773,0,24377.5392343853,269.122674099612,96.7189780515504,24.1797445128876,231.135576167034
"167",236.571366983167,486.313903603808,214.58980959808,-107.594888198553,931.734360730278,626.022347716687,115.54552516936,208.674115905562,132.426969868567,0,24262.0250177289,264.822756903891,96.5654143191358,24.141353579784,275.510409598349
"168",256.76783370969,463.720257567916,223.440705215175,48.7328074773591,1154.86718588427,705.382871339465,125.896596083219,235.127623779822,137.284306176923,0,24127.1710188248,269.216112324345,100.548317346829,25.1370793367072,279.234132022903
"169",279.770213518264,522.505830621826,243.889767940611,-34.7323462091078,1151.35923982847,703.799359013882,111.036806746275,234.599786337961,142.139108303492,0,24053.025153464,284.367017067903,109.750395573275,27.4375988933187,275.826596942592
"170",246.748459436167,521.332858528801,230.104654768722,50.5912520809228,1213.09208571057,799.554619571328,124.439518002391,266.518206523776,131.231758842711,0,23979.6357486571,281.40037032747,103.547094645925,25.8867736614812,311.495266071622
"171",276.532262227535,592.262681163947,242.013933403971,32.1712810348793,1256.19704688282,825.710672845686,121.512455721289,275.236890948562,135.071687275972,0,23977.9362277537,288.715410042769,108.906270031787,27.2265675079468,286.53414699978
"172",270.027679380642,611.637535441249,237.57708811029,0.543873123480452,1214.08621785329,836.925957651414,116.114076699136,278.975319217138,137.549797006881,0,23995.5431212392,290.232176967869,106.909689649631,26.7274224124076,298.498140002636
"173",258.031281553635,619.945153815862,222.575183801281,50.9393878368059,1199.03440537134,880.542096108093,127.18009850237,293.514032036031,144.420576806355,0,24020.984894566,279.801895524453,100.158832710576,25.0397081776441,304.006495018293
"174",282.622441116378,652.253404524513,266.034256418019,-13.0767043405754,1306.12051826857,878.643911454733,127.460351726508,292.881303818244,129.421089187851,0,24076.9297642223,302.490974191315,119.715415388109,29.9288538470271,320.031028961339
"175",283.245226058908,650.847341818321,233.680895298303,-54.0381449540912,1141.37695235519,817.361176997606,120.562302558183,272.453725665869,147.739886151337,0,24130.4864299675,292.549310139449,105.156402884236,26.289100721059,293.169762403436
"176",267.916227907073,605.452723701931,247.549440546701,124.921843873691,1402.87553406661,947.318428098979,130.139150549727,315.772809366326,138.220682714168,0,24138.2200965321,296.750844265609,111.397248246015,27.8493120615039,336.83665980599
"177",289.198112332726,701.717354147391,245.592236499565,44.5685722856076,1303.84108590267,936.857771603056,124.262102383348,312.285923867685,149.836844357812,0,24240.0936500403,295.33630298082,110.516506424804,27.6291266062011,287.705657790325
"178",276.138005296328,693.968719705967,250.368718501019,83.7094521263695,1346.93515508865,971.199883389399,127.504651855172,323.733294463133,144.862721642226,0,24331.6703222575,299.320529531552,112.665923325458,28.1664808313646,293.567377236745
"179",283.34367078927,719.407321029184,241.943300779297,30.7692709481361,1237.35363531538,935.599000073434,128.767274556553,311.866333357811,154.904433313531,0,24446.6627951504,296.691784392991,108.874485350683,27.2186213376709,277.070930969597
"180",286.149499014563,693.036296350692,264.110957054537,26.3504410955122,1338.95015528361,954.374464605776,129.813768929451,318.124821535259,145.026638408919,0,24532.4700804033,309.272699043257,118.849930674542,29.7124826686354,333.029832907423
"181",288.475042065446,706.94404785613,250.328369342602,-118.616728350261,1065.70235366858,798.410896208545,113.408619799219,266.136965402848,151.196702308435,0,24630.0882759203,306.157268513528,112.647766204171,28.1619415510428,244.457316371471
"182",252.019155109377,591.415478672997,237.22453446553,11.0629697457275,1152.59538446012,827.059668611468,121.615263171008,275.686556203823,137.824100760525,0,24611.4764740594,294.302444004746,106.751040509488,26.6877601273721,291.41818767539
"183",270.256140380018,612.636791564051,228.1642178045,75.364767851583,1230.92469668647,875.656767848296,133.105996609661,291.885589282765,150.038356575485,0,24614.5209748945,286.136220018583,102.673898012025,25.6684745030062,296.015758047404
"184",295.791103577025,648.63464285059,265.756687477257,-254.759923342349,975.33221407374,658.096617780914,108.416970485624,219.365539260305,147.171703724085,0,24652.758525516,306.210087141033,119.590509364766,29.8976273411914,264.374798494101
"185",240.926601079165,487.478976134011,229.048721354558,16.3642342314279,1119.485305274,727.039917598417,109.116129376056,242.346639199472,132.093814323843,0,24531.5870558081,291.07277012639,103.071924609551,25.7679811523878,274.495551771811
"186",242.480287502346,538.548087109939,214.739965483426,200.888501806307,1421.97913020647,965.297170672713,125.617705136079,321.765723557571,132.901858023985,0,24463.3589661825,274.301068195183,96.6329844675416,24.1582461168854,364.542909937457
"187",279.150455857954,715.034941239046,229.605954764888,189.818665139064,1413.09243406402,1038.9385770662,126.47657972927,346.312859022065,151.661239096694,0,24570.3779040041,276.118918670029,103.3226796442,25.8306699110499,260.962185355216
"188",281.059066065045,769.584131160145,249.590675203434,-110.149515646704,1073.19780175115,876.593363126072,116.029397524992,292.197787708691,151.903839911758,0,24728.628598118,290.267484369251,112.315803841545,28.0789509603863,250.692836846101
"189",257.843105611092,649.328417130424,246.174819698245,3.72565965252014,1184.01044658234,888.031763009716,123.252910803133,296.010587669905,134.710630017267,0,24764.7988456661,294.456505993711,110.77866886421,27.6946672160526,302.4141660053
"190",273.895357340297,657.801305933123,236.061337159884,193.410980270811,1491.11043784296,1053.71922720365,142.824261938303,351.239742401215,142.204347749152,0,24808.5835082512,289.876754609426,106.227601721948,26.556900430487,361.655770260276
"191",317.387248751784,780.532760891589,276.249826035889,38.1077537236859,1437.06914822068,1019.95080882507,129.056950795146,339.983602941691,148.14992276442,0,24971.8863547582,315.819261589651,124.31242171615,31.0781054290375,308.717299871485
"192",286.793223989213,755.519117648202,261.268200764279,49.8539498175005,1385.70859468081,1027.98413427724,124.080900781617,342.661378092412,141.729771080879,0,25106.1319330564,314.539196103265,117.570690343925,29.3926725859813,316.956875169891
"193",275.735335070259,761.469729094249,225.030290765266,154.348793068681,1319.03587686681,1061.82608321966,134.244852209198,353.942027739886,162.04840324428,0,25243.6968428278,292.502485124411,101.26363084437,25.3159077110924,269.673931644419
"194",298.321893798219,786.537839421968,269.210167375998,-193.514552527217,1004.75970863605,818.786281448245,116.157826787238,272.928760482748,157.962813194479,0,25402.2741364341,310.814953254987,121.144575319199,30.2861438297998,236.483546062056
"195",258.128503971639,606.50835662833,250.759525826337,-70.9644096214068,1165.17113590453,837.601859405182,133.303523446425,279.200619801727,136.384446869788,0,25379.9256967146,306.939548339286,112.841786621851,28.2104466554629,372.818666360705
"196",296.230052103167,620.445821781616,242.015098745705,-126.29689968694,1021.87066949299,696.841364126489,106.87157095394,232.28045470883,157.951206282612,0,25371.8303692364,300.035143268785,108.906794435567,27.2266986088918,233.906765502796
"197",237.492379897644,516.178788241844,226.384952825252,7.17801884994016,1074.42070802092,736.734695241151,112.530997355499,245.57823174705,142.479583454924,0,25261.1800655888,285.32252093259,101.873228771363,25.4683071928408,255.519159469616
"198",250.06888301222,545.729403882334,219.003050093865,191.606248395286,1377.07866067044,937.844499409924,139.8344146159,312.614833136641,145.800989945883,0,25182.4035127182,274.796325652773,98.5513725422394,24.6378431355599,341.792742586328
"199",310.74314359089,694.699629192536,264.613788353772,-11.2639289974163,1294.92945323241,878.974937557923,128.626904297649,292.991645852641,157.54835846949,0,25252.3126590705,301.136486726647,119.076204759197,29.7690511897994,282.550114242551
"200",285.837565105887,651.092546339202,251.46507448221,-14.8052438359539,1169.74335191176,823.157736546326,120.443010578192,274.385912182109,160.19377915155,0,25277.518083881,303.230955651623,113.159283516995,28.2898208792486,247.061447132492
"201",267.651134618204,609.746471515797,252.071779279666,-39.8913165122359,1122.61130444972,792.324764526489,111.580372188813,264.108254842163,145.857123787273,0,25261.4857668332,305.363955884201,113.432300675849,28.3580751689624,261.020694371188
"202",247.956382641806,586.907232982584,230.752586948687,-7.72627354784868,1109.20731089341,799.308253595328,124.707584236089,266.436084531776,135.380873879353,0,25223.378462371,291.131041399171,103.838664126909,25.9596660317273,276.174421102889
"203",277.127964969087,592.080187848391,221.875749938762,163.496718502725,1318.95195684368,902.782230843141,136.056585541286,300.927410281047,160.146845538534,0,25190.973838825,279.728179186162,99.8440874724428,24.9610218681107,278.353290842543
"204",302.347967869524,668.727578402326,247.540862332366,146.88098021174,1332.55158181004,941.166223201318,137.414008622406,313.722074400439,181.624893509586,0,25234.7151387599,291.160023149589,111.393388049565,27.8483470123912,252.139259615704
"205",305.364463605346,697.160165334309,262.916698917992,20.5714689254181,1185.88494421365,886.234382921335,120.633174449598,295.411460973778,190.24975309993,0,25305.7418701311,305.983537262661,118.312514513096,29.5781286282741,261.481191537919
"206",268.073720999106,656.469913275063,254.868294105825,-8.08190721483717,1122.061022345,867.556049473255,124.158484055166,289.185349824418,173.461954216978,0,25334.9675415827,307.824335739358,114.690732347621,28.6726830869053,286.236913054399
"207",275.907742344814,642.634110720929,259.986146879147,27.9816777952192,1209.59283716486,885.321141360696,130.895783124628,295.107047120232,158.542948612174,0,25349.8198798646,312.009245748672,116.993766095616,29.248441523904,296.314419721342
"208",290.879518054729,655.79343804496,244.360345918294,-147.268174923626,960.017501092552,732.879275752525,117.821376422667,244.293091917508,172.919664619158,0,25377.6036675339,305.104102969551,109.962155663232,27.4905389158081,266.489805069988
"209",261.82528093926,542.873537594463,254.839480219025,-84.3605808119073,1023.06379134825,692.85262634605,116.281465565824,230.950875448683,150.537443742729,0,25293.2498901159,306.768663017999,114.677766098561,28.6694415246403,264.975360347721
"210",258.403256812943,513.224167663741,225.307302888941,-63.479691804135,986.335370286596,663.947311803917,118.609917494945,221.315770601306,154.976730699324,0,25181.816441753,288.620587756492,101.388286300024,25.3470715750059,259.945909638529
"211",263.57759443321,491.812823558457,237.225843623806,-181.641077854845,811.961728137293,664.772783033882,67.3465528409614,221.590927677961,152.00539902011,0,25051.6933810497,287.515217461655,106.751629630713,26.6879074076782,350.770596055126
"212",149.659006313247,492.424283728801,181.199240809714,-83.896841274548,865.069716738731,742.29134388121,89.5512849384835,247.430447960403,103.234273382197,0,24925.5814415826,248.678382067698,81.5396583643711,20.3849145910928,306.866025212344
"213",199.002855418852,549.845439912007,168.383671941483,46.846942235956,1024.20366347532,802.830008989095,96.4795373431975,267.610002996365,111.848375418413,0,24859.07142139,224.833659072737,75.7726523736674,18.9431630934168,238.067906653395
"214",214.398971873772,594.688895547478,186.837003093795,-53.9078665977737,968.465404902762,768.619687740842,92.6836750560865,256.206562580281,115.63498447234,0,24838.2104567935,226.269281392708,84.0766513922077,21.0191628480519,232.578050844178
"215",205.963722346859,569.347916845068,178.104290428453,97.5591187275511,1085.13015177508,849.029890203355,99.0182521151933,283.009963401118,120.671740525705,0,24793.1579825125,221.376064207312,80.1469306928038,20.0367326732009,226.425252524389
"216",220.040560255985,628.911029780263,190.758721562068,203.367882057306,1354.854564423,1049.43204775554,119.442798759085,349.810682585179,125.565039174498,0,24807.6172188294,227.739004777142,85.8414247029304,21.4603561757326,333.619279540951
"217",265.428441686855,777.357072411509,220.365224905536,140.58925575835,1372.81081258578,1093.65045152089,129.273333325372,364.550150506965,141.330846475813,0,24967.9686178201,250.773409447679,99.1643512074912,24.7910878018728,289.154101018149
"218",287.274074056383,810.111445571033,237.746376057492,-88.6635177037102,1112.21937992498,922.989033393916,125.485646120375,307.663011131305,159.159307368346,0,25157.1284490492,272.268318762422,106.985869225872,26.7464673064679,252.772343721109
"219",278.856991378611,683.695580291789,249.341518575544,52.0517666688326,1256.42852258248,922.156250558749,122.84691611028,307.385416852916,157.672312051358,0,25216.6239384847,289.120120746228,112.203683358995,28.0509208397487,264.762919675686
"220",272.993146911733,683.078704117592,246.930528601748,-24.9530587852398,1150.66981754084,867.690153211938,120.829724337268,289.230051070646,153.348984062648,0,25274.1344889517,294.112700307233,111.118737870786,27.7796844676966,263.8821536297
"221",268.510498527262,642.733446823658,243.284049128957,98.8315966551184,1293.20372607724,942.211254352617,125.08059061397,314.070418117539,148.683332994115,0,25290.8287235656,296.778607715009,109.477822108031,27.3694555270077,296.017196059932
"222",277.956868031045,697.93426248342,253.14542811288,46.7266028975278,1278.65581719879,944.5101735597,128.018086317166,314.8367245199,142.534768257764,0,25360.6264744042,301.067048105053,113.915442650796,28.478860662699,282.355617084632
"223",284.48463626037,699.637165599778,244.750241040752,185.503060243183,1450.08542633279,1058.01299207391,144.13335633578,352.670997357969,150.761321838336,0,25430.9474173232,298.732507254932,110.137608468338,27.5344021170846,319.095396066115
"224",320.296347412845,783.713327462154,262.519194152408,-191.890179342088,1011.82096922677,794.026388236045,116.116941237573,264.675462745348,173.227350430582,0,25582.361246873,311.30500189374,118.133637368584,29.5334093421459,224.941002984502
"225",258.037647194606,588.167694989663,240.125533651128,-135.81390769838,923.556923949852,686.601253899537,120.158411408965,228.867084633179,162.33413008396,0,25537.7810117759,301.07013115232,108.056490143008,27.0141225357519,249.888408236006
"226",267.018692019923,508.593521407065,244.742779636499,-11.055432400775,1090.90312945334,713.946689313316,128.260418927689,237.982229771105,154.848888519935,0,25415.7326205435,297.777832023504,110.134250836425,27.5335627091062,282.341723016926
"227",285.023153172643,528.849399491345,237.860544714265,-30.9131591318512,1037.51340875919,666.899707250205,114.057834127919,222.299902416735,170.53592485212,0,25316.8293682102,294.149072527436,107.037245121419,26.7593112803548,232.440560729184
"228",253.461853617597,493.9997831483,238.038390859581,92.1006097103203,1219.04889065408,805.544213633581,126.776234422194,268.51473787786,157.637722362632,0,25185.8921773144,292.648836186142,107.117275886811,26.7793189717028,310.927998854755
"229",281.724965382652,596.699417506356,252.712364635818,66.6674175945289,1309.07412399879,887.610733041375,146.441501982212,295.870244347125,155.318922013254,0,25159.3584928305,301.775886488522,113.720564086118,28.4301410215295,344.043021094506
"230",325.425559960472,657.4894318825,268.337552799881,-186.191864177088,1011.26456191035,678.239266620271,113.882739285898,226.07975554009,176.510153767799,0,25193.0693305157,315.179633850428,120.751898759947,30.1879746899866,233.717193209004
"231",253.072753968662,502.399456755756,252.783798953609,-100.29185647202,983.536525919119,652.467002989298,117.226651989808,217.489000996433,148.332035899065,0,25073.3953865848,309.505773084034,113.752709529124,28.4381773822811,269.861198447434
"232",260.503671088462,483.308891103184,244.469514613009,104.832018462125,1296.4075797165,810.494559151425,131.264088957324,270.164853050475,135.259956333009,0,24937.7423067295,302.905226358989,110.011281575854,27.5028203939635,326.765381109493
"233",291.697975460719,600.366340112167,241.639497322659,-91.6373437370074,1067.05824820659,716.054634895173,117.278340839192,238.684878298391,153.128143208463,0,24920.7210763599,298.634132191681,108.737773795197,27.1844434487992,255.195391972557
"234",260.618535198205,530.410840663091,237.988539236004,-63.3623764335574,1057.16220648963,704.162825709389,122.711810559804,234.72094190313,146.721428910394,0,24835.238909756,292.120571548,107.094842656202,26.7737106640505,285.259561133908
"235",272.692912355119,521.602093118066,242.076495873704,-9.54889821042793,1153.54627162295,742.771952984,129.336733049784,247.590650994667,147.042597957876,0,24743.0533191011,292.567490472073,108.934423143167,27.2336057857917,310.293177809222
"236",287.414962332853,550.201446654815,247.575740236873,0.552446671771367,1199.19856800035,759.428108109753,138.321227391164,253.142702703251,155.04562706761,0,24681.4566784762,297.605794651029,111.409083106593,27.8522707766482,303.263666280082
"237",307.380505313697,562.539339340558,260.651019420496,-41.5316289432017,1133.67836353368,690.079203574671,126.474144373232,230.026401191557,167.778924686685,0,24633.18081039,307.678856071298,117.292958739223,29.3232396848058,237.768477113613
"238",281.053654162738,511.169780425683,265.277879696324,-23.8634233943511,1181.01143329835,730.433644712064,134.244939016982,243.477881570688,152.133360240621,0,24535.7907239548,315.15802514936,119.375045863346,29.8437614658364,322.665885138637
"239",298.322086704405,541.061959045973,264.458177294938,112.699334830186,1456.23561590954,893.113064732549,150.19255207962,297.70435491085,152.859333763461,0,24470.0855160395,318.708795539295,119.006179782722,29.7515449456806,395.010366885416
"240",333.761226843601,661.565233135221,282.73614044458,-274.818101398647,964.704430196575,612.543728003413,107.30136433549,204.181242667804,166.974095722564,0,24524.8311882472,333.051606827172,127.231263200061,31.8078158000152,224.882999286405
"241",238.44747630109,453.736094817343,225.492457377172,-56.2214105653075,930.355268879047,610.89597202723,117.318635664262,203.631990675743,153.265711299158,0,24373.6511484936,300.551266273232,101.471605819728,25.3679014549319,241.461587602933
"242",260.708079253915,452.515534834985,244.082882412417,3.4547639002982,1116.58806070665,668.751851625522,115.376635644131,222.917283875174,140.76906418511,0,24224.5792382949,297.473094830357,109.837297085587,27.4593242713969,268.652291097844
"243",256.392523653624,495.371741944831,230.059582160601,186.372239126487,1365.42605840615,876.757323126732,137.354006320423,292.252441042244,138.587008535764,0,24121.2578120123,286.366771253433,103.52681197227,25.8817029930676,331.712697113467
"244",305.231125156496,649.449868982765,252.802790890841,-107.358274563375,1092.68593647309,751.094016925917,123.408845106552,250.364672308639,157.332195399634,0,24172.6686784485,297.646909244129,113.761255900879,28.4403139752196,267.63686208253
"245",274.241878014559,556.365938463642,256.844568912814,-58.3420140966897,1110.27718722559,729.074941081596,128.014290366574,243.024980360532,144.094759588512,0,24130.9794786939,304.720620345409,115.580056010766,28.8950140026916,289.83214940805
"246",284.476200814608,540.055511912293,247.945412979728,134.583802024191,1374.95325605244,873.781622539054,144.504558680725,291.260540846351,149.078609679685,0,24073.7533659959,302.069646261021,111.575435840878,27.8938589602194,343.015254198345
"247",321.121241512723,647.245646325225,266.178419562514,119.42548105111,1416.19932925919,923.116404128336,143.162245464162,307.705468042779,168.582077234091,0,24123.5032462902,314.375669973927,119.780288803131,29.9450722007828,301.05106101593
"248",318.138323253692,683.789928983953,287.68113321499,-24.647675658428,1238.05280411671,850.216197840332,119.39085419071,283.405399280111,163.629420782237,0,24208.5154375057,334.777285054884,129.456509946746,32.3641274866864,271.582244218312
"249",265.313009312689,629.789776178024,251.056515708146,-77.1795629774118,1072.72168073528,800.73641695924,126.13154554425,266.912138986413,148.216407009158,0,24238.2439949665,319.599396748529,112.975432068666,28.2438580171665,299.910375338776
"250",280.292323431667,593.138086636474,264.072971301395,-149.01077303778,1039.70724171814,701.081142282174,113.285902306151,233.693714094058,133.105614654996,0,24230.9458092097,318.549730462951,118.832837085628,29.7082092714069,281.873756338506
"251",251.746449569224,519.319364653462,216.140505270468,-19.617612596519,1032.47979400175,704.931465421362,114.06847070782,234.977155140454,140.835157680949,0,24151.4163772638,288.169488543152,97.2632273717107,24.3158068429277,259.538212767414
"252",253.485490461823,522.171455867675,223.574005996404,178.071085646635,1347.04726243875,908.241098232176,131.761737270348,302.747032744059,142.60341802523,0,24076.4692029056,278.557885163643,100.608302698382,25.1520756745954,344.412175265711
"253",292.803860600774,672.771183875686,259.992455932419,-83.6765441149536,1157.96732657534,823.384154924714,129.320576832317,274.461384974905,142.884530934352,0,24151.6249918548,298.65103831315,116.996605169589,29.2491512923972,302.431767611574
"254",287.37905962737,609.914188833121,256.932681280163,-220.589475019674,964.980521169254,647.670924402166,107.074012164338,215.890308134055,141.38134480282,0,24162.9625372035,305.90196198756,115.619706576073,28.9049266440184,264.702550107653
"255",237.942249254084,479.756240297901,211.765057729758,164.32806218848,1280.14154434777,853.101084200677,120.99400215903,284.367028066892,141.117248180117,0,24046.0338290573,279.207109819799,95.2942759783909,23.8235689945977,324.429182785896
"256",268.8755603534,631.926729037539,254.320159974334,-65.9809817333327,1169.25709516125,815.844046193964,113.977880897296,271.948015397988,125.606090524164,0,24081.5850758407,293.964787383018,114.44407198845,28.6110179971126,296.750947800474
"257",253.284179771768,604.32892310664,207.995046717252,-78.3560277567151,975.340531176914,727.325335594091,117.584374751081,242.441778531364,142.966867517538,0,24089.6043137146,272.131806291395,93.5977710227632,23.3994427556908,244.19294959232
"258",261.298610557958,538.759507847475,237.411755842292,-185.354357584773,918.616880812287,604.734140955609,101.280094370434,201.578046985203,137.756214229379,0,24032.4235154664,280.665101861454,106.835290129032,26.7088225322579,250.799627636509
"259",225.066876378742,447.951215522673,203.620935854775,110.565225886315,1143.7922299907,746.762065375379,121.185394843739,248.92068845846,134.150205417287,0,23887.3252161214,262.50353962312,91.6294211346487,22.9073552836622,273.371708188835
"260",269.30087743053,553.157085463244,246.179022624204,25.5183040195945,1223.67050961107,787.754537759216,119.796599027743,262.584845919739,127.264734697758,0,23849.2727180393,282.503186715378,110.780560180892,27.695140045223,285.831259865645
"261",266.214664506096,583.521879821642,221.639052929754,91.8463966925201,1271.78731420656,873.826239687053,131.485726633266,291.275413229018,142.448391661868,0,23842.0752554196,275.007805752046,99.7375738183895,24.9343934545974,316.291216397826
"262",292.190503629479,647.278696064484,255.152493943476,-54.1350483586597,1180.48611421072,805.592691887259,123.204134975146,268.530897295753,147.077944810629,0,23898.1230442772,296.416188881073,114.818622274564,28.7046555686411,281.74522134013
"263",273.786966611436,596.735327323895,226.121205429212,45.56178455806,1154.96746488425,808.720597729002,125.541784333035,269.573532576334,164.538494263844,0,23902.8834125134,284.594028807921,101.754542443145,25.4386356107864,256.772751621692
"264",278.981742962301,599.052294614076,251.704781291432,27.2288703308484,1173.58313295798,803.758702765104,124.841265988653,267.919567588368,160.77097187234,0,23909.8266515046,296.64009990387,113.267151581145,28.3167878952861,255.133559353268
"265",277.425035530339,595.37681686304,245.930529028667,-171.833505542638,865.492541015025,627.171390683852,99.1817477379488,209.057130227951,161.44884320812,0,23912.8806936343,297.059061214836,110.6687380629,27.667184515725,208.970354652545
"266",220.403883862109,464.571400506557,218.689184596198,-58.5591161216291,899.235869725386,625.962548097601,102.893270724287,208.6541826992,138.389539280367,0,23787.1938133027,279.383136814472,98.4101330682891,24.6025332670723,237.805002742602
"267",228.651712720638,463.675961553778,211.407949520752,-103.933917966032,901.507316531148,609.773212457612,117.604527282297,203.257737485871,130.12553183918,0,23663.7831549796,267.192853726285,95.1335772843385,23.7833943210846,281.133334278607
"268",261.343393960661,451.683861079712,224.403673803843,56.9084961293432,1146.55315352736,691.502447971124,131.287566264213,230.500815990375,138.125866677384,0,23531.6612803965,270.984715913809,100.981653211729,25.2454133029323,281.590864909444
"269",291.750147253807,512.224035534166,251.013301195798,-54.183071623679,1122.40797786306,666.6685808741,117.438310495681,222.222860291367,146.550031745065,0,23461.9181496216,290.009507726727,112.955985538109,28.2389963845273,276.789178439464
"270",260.974023323736,493.828578425259,240.861273789002,35.3391145426511,1195.11145848856,749.933972529635,131.176164446794,249.977990843212,137.554613025063,0,23375.8735213351,291.178773692683,108.387573205051,27.0968933012627,315.295342268495
"271",291.502587659542,555.506646318248,254.592682191365,17.216147793519,1236.80574848619,767.40778478403,129.370637390538,255.80259492801,142.131851199894,0,23352.7165695045,301.563002468922,114.566706986114,28.6416767465285,291.8436551444
"272",287.490305312306,568.450210951134,251.833959686895,-22.4701804497592,1189.80449956397,764.238642112467,123.806718194802,254.746214037489,145.891241797988,0,23343.0453277011,305.667309804114,113.325281859103,28.3313204647757,302.635795603203
"273",275.126040432893,566.102697861087,236.829014013644,32.6527317499858,1178.53001613426,801.080531407758,134.273308372931,267.026843802586,153.715301498778,0,23331.3758256914,296.320801803555,106.57305630614,26.6432640765349,307.984470371377
"274",298.385129717625,593.392986227969,281.735355801141,-22.7289781028829,1288.82978077811,803.679558355147,133.837783741761,267.893186118382,137.004870495985,0,23346.2353108158,320.329836428455,126.780910110514,31.6952275276284,325.580242467685
"275",297.417297203914,595.318191374183,246.088024516494,-68.2381934443572,1116.96507583681,741.188073325681,126.587043848868,247.06269110856,155.516313156557,0,23362.9544997833,308.862072092087,110.739611032422,27.6849027581055,297.408143089499
"276",281.304541886374,549.028202463467,260.183946651416,113.552315299506,1381.7689040514,871.302549797354,140.598319297575,290.434183265784,145.254154869735,0,23333.8526143363,312.50927917861,117.082775993137,29.2706939982843,343.459018445503
"277",312.440709550167,645.409296146188,262.673526902176,27.6773447724897,1292.56955169291,852.083700528065,132.066030311952,284.027900176022,160.493847476432,0,23399.9387978285,313.74623869499,118.203087105979,29.5507717764948,291.935313827101
"278",293.480067359894,631.17311150227,266.913377496367,68.5445086677383,1327.77953261868,887.498656092797,134.601735425573,295.832885364266,154.376113385265,0,23450.2350340629,318.590783221559,120.111019873365,30.0277549683413,300.764483276195
"279",299.114967612384,657.40641192059,256.337120086372,25.1712644319365,1224.50973096419,858.200023164668,136.330301421098,286.066674388223,164.038250148959,0,23525.6810591223,314.979626426086,115.351704038867,28.8379260097168,282.526108550646
"280",302.956225380217,635.703720862717,279.647175719239,-13.8112174516317,1292.87530488373,858.638851369416,135.89182701991,286.212950456472,153.556087575425,0,23577.5365964572,327.838617265983,125.841229073657,31.4603072684144,341.345203286853
"281",301.981837822022,636.02877879216,263.185376321894,-111.684917863196,1060.78207519462,723.082204824409,120.059533907116,241.027401608136,158.864548089327,0,23628.6455712193,323.058524514154,118.433419344852,29.608354836213,250.586729272499
"282",266.798964238035,535.616448018081,250.345341276553,-1.5876890393655,1138.20122448157,753.882310919509,128.016705483637,251.294103639836,145.50895786105,0,23579.5495163799,310.580079178303,112.655403574449,28.1638508936122,300.602862711334
"283",284.481567741414,558.431341421858,240.447049350949,56.7767387400654,1204.66979670625,797.264625256931,139.464402272405,265.754875085644,158.089731360486,0,23554.3923201705,301.728704563195,108.201172207927,27.0502930519818,302.226600228937
"284",309.920893938678,590.566389079208,279.045557708032,-254.910915191384,961.620573463958,589.987748314532,113.627764058725,196.662582771511,154.484908725915,0,23561.3283270535,322.084461272056,125.570500968614,31.3926252421536,269.538287986148
"285",252.506142352722,437.027961714468,240.215775978559,13.296643262286,1107.37956293764,665.68017179977,115.556919347025,221.893390599923,138.521963665073,0,23417.1020148727,305.683664690503,108.097099190351,27.0242747975879,281.682400848664
"286",256.7931541045,493.096423555385,226.530260881667,154.240477831741,1369.29946896596,874.805632968016,134.313743588573,291.601877656005,140.273913216436,0,23331.3265912948,288.765787019866,101.93861739675,25.4846543491875,374.340527276264
"287",298.474985752384,648.0041725689,244.340477852693,187.01810515078,1408.45800002781,955.333869883658,134.933018788349,318.444623294553,161.50666656773,0,23400.0001898722,292.458813158846,109.953215033712,27.488303758428,268.094080111581
"288",299.851152862998,707.654718432339,266.086949790971,-125.36729114229,1057.2878506869,791.989435776779,122.036069120509,263.99647859226,161.95966748107,0,23525.8450686308,308.601670440822,119.739127405937,29.9347818514842,258.361703884241
"289",271.191264712242,586.658841316133,260.391883047341,0.907351819800116,1174.31891549473,813.890634855949,130.248458437362,271.296878285316,142.385024136656,0,23529.6603001866,312.138174492457,117.176347371303,29.2940868428258,310.266051522453
"290",289.441018749693,602.881951745147,249.478357888999,139.656468424969,1432.61116656759,951.898383878997,148.970365318273,317.299461292999,150.285103648768,0,23549.4934809958,306.775052124959,112.26526105005,28.0663152625124,374.914972877617
"291",331.045256262828,705.109913984443,289.475035453012,17.1049775758457,1401.49530948384,924.40935162621,130.276718273882,308.13645054207,155.132360889139,0,23669.2671064582,332.25849690999,130.263765953855,32.5659414884639,319.021678799987
"292",289.503818386405,684.747667871267,267.504646083112,49.661190802772,1358.73596008936,955.637064233391,128.040671420252,318.545688077797,144.837343277752,0,23765.6653563002,325.957056459462,120.3770907374,30.0942726843501,328.189355232166
"293",284.534825378338,707.879306839549,231.340215986783,153.456623574965,1307.91974803208,999.089509196688,138.85027566274,333.029836398896,166.686717431639,0,23883.1517654903,301.885039174405,104.103097194052,26.0257742985131,277.584435524819
"294",308.556168139423,740.066303108658,277.840078065172,-195.65796026563,994.393426809388,762.425416465708,119.154390513413,254.141805488569,163.074189716133,0,24029.1671920961,320.792296368934,125.028035129328,31.2570087823319,243.177886215001
"295",264.78753447425,564.759567752376,257.923621829635,-86.1597317187222,1140.8417791675,779.714692631566,136.536596973262,259.904897543855,140.235303640453,0,23999.2033479746,316.188393745868,116.065629823336,29.0164074558339,382.247055868409
"296",303.414659940581,577.566438986345,230.241150484083,35.4576783909575,1229.152156875,781.63008629728,138.775715258445,260.543362099093,180.189332721843,0,23982.4912831648,297.059871933931,103.608517717837,25.9021294294594,298.173673438727
"297",308.390478352101,578.985249109096,284.076712145936,10.9943669852059,1317.10499385896,817.544402517823,143.514965958534,272.514800839274,170.113092190973,0,23967.8681469653,324.585257109945,127.834520465671,31.9586301164178,347.294983807494
